match_row_id,match_key,match_title,match_date,match_label,team_1,team_2,source_pdf,source_csv,batting_team_from_filename,sequence,innings_number,batting_team,ball,over_number,ball_in_over,bowler,batsman,detail,commentary,total_runs,batsman_runs,extras,extra_type,is_boundary,boundary_type,is_wicket,dismissal_kind,is_legal_ball
2026_04_23_the_fibrillators_vs_minions__1,2026_04_23_the_fibrillators_vs_minions,The Fibrillators vs Minions,2026-04-23,The Fibrillators vs Minions (2026-04-23),The Fibrillators,Minions,Fibrillators_Ball-by-Ball Commentary & Live Score_ The Fibrillators vs Minions _ 2026-04-23 _ CricHeroes.pdf,Ball-by-Ball Commentary & Live Score_ The Fibrillators vs Minions _ 2026-04-23 _ CricHeroes.csv,Fibrillators,1,1,The Fibrillators,0.1,0,1,mythri M,Lakshethaa VN,no run,"mythri M to Lakshethaa VN, no run",0,0,0,,0,,0,,1
2026_04_23_the_fibrillators_vs_minions__2,2026_04_23_the_fibrillators_vs_minions,The Fibrillators vs Minions,2026-04-23,The Fibrillators vs Minions (2026-04-23),The Fibrillators,Minions,Fibrillators_Ball-by-Ball Commentary & Live Score_ The Fibrillators vs Minions _ 2026-04-23 _ CricHeroes.pdf,Ball-by-Ball Commentary & Live Score_ The Fibrillators vs Minions _ 2026-04-23 _ CricHeroes.csv,Fibrillators,2,1,The Fibrillators,0.2,0,2,mythri M,Lakshethaa VN,no run,"mythri M to Lakshethaa VN, no run",0,0,0,,0,,0,,1
2026_04_23_the_fibrillators_vs_minions__3,2026_04_23_the_fibrillators_vs_minions,The Fibrillators vs Minions,2026-04-23,The Fibrillators vs Minions (2026-04-23),The Fibrillators,Minions,Fibrillators_Ball-by-Ball Commentary & Live Score_ The Fibrillators vs Minions _ 2026-04-23 _ CricHeroes.pdf,Ball-by-Ball Commentary & Live Score_ The Fibrillators vs Minions _ 2026-04-23 _ CricHeroes.csv,Fibrillators,3,1,The Fibrillators,0.3,0,3,mythri M,Lakshethaa VN,no run,"mythri M to Lakshethaa VN, no run",0,0,0,,0,,0,,1
2026_04_23_the_fibrillators_vs_minions__4,2026_04_23_the_fibrillators_vs_minions,The Fibrillators vs Minions,2026-04-23,The Fibrillators vs Minions (2026-04-23),The Fibrillators,Minions,Fibrillators_Ball-by-Ball Commentary & Live Score_ The Fibrillators vs Minions _ 2026-04-23 _ CricHeroes.pdf,Ball-by-Ball Commentary & Live Score_ The Fibrillators vs Minions _ 2026-04-23 _ CricHeroes.csv,Fibrillators,4,1,The Fibrillators,0.4,0,4,mythri M,Lakshethaa VN,no run,"mythri M to Lakshethaa VN, no run",0,0,0,,0,,0,,1
2026_04_23_the_fibrillators_vs_minions__5,2026_04_23_the_fibrillators_vs_minions,The Fibrillators vs Minions,2026-04-23,The Fibrillators vs Minions (2026-04-23),The Fibrillators,Minions,Fibrillators_Ball-by-Ball Commentary & Live Score_ The Fibrillators vs Minions _ 2026-04-23 _ CricHeroes.pdf,Ball-by-Ball Commentary & Live Score_ The Fibrillators vs Minions _ 2026-04-23 _ CricHeroes.csv,Fibrillators,5,1,The Fibrillators,0.5,0,5,mythri M,Lakshethaa VN,no run,"mythri M to Lakshethaa VN, no run",0,0,0,,0,,0,,1
2026_04_23_the_fibrillators_vs_minions__6,2026_04_23_the_fibrillators_vs_minions,The Fibrillators vs Minions,2026-04-23,The Fibrillators vs Minions (2026-04-23),The Fibrillators,Minions,Fibrillators_Ball-by-Ball Commentary & Live Score_ The Fibrillators vs Minions _ 2026-04-23 _ CricHeroes.pdf,Ball-by-Ball Commentary & Live Score_ The Fibrillators vs Minions _ 2026-04-23 _ CricHeroes.csv,Fibrillators,6,1,The Fibrillators,1.0,1,0,mythri M,Lakshethaa VN,OUT Stumped,"mythri M to Lakshethaa VN, OUT Stumped Lakshethaa VN st †Lokesh b mythri M (0r 6b 0x4s 0x6s SR: 0.00)",,,,,0,,1,out,1
2026_04_23_the_fibrillators_vs_minions__7,2026_04_23_the_fibrillators_vs_minions,The Fibrillators vs Minions,2026-04-23,The Fibrillators vs Minions (2026-04-23),The Fibrillators,Minions,Fibrillators_Ball-by-Ball Commentary & Live Score_ The Fibrillators vs Minions _ 2026-04-23 _ CricHeroes.pdf,Ball-by-Ball Commentary & Live Score_ The Fibrillators vs Minions _ 2026-04-23 _ CricHeroes.csv,Fibrillators,7,1,The Fibrillators,1.1,1,1,Sayooj Kalapurakkal,Rahul p,no run,"Sayooj Kalapurakkal to Rahul p, no run",0,0,0,,0,,0,,1
2026_04_23_the_fibrillators_vs_minions__8,2026_04_23_the_fibrillators_vs_minions,The Fibrillators vs Minions,2026-04-23,The Fibrillators vs Minions (2026-04-23),The Fibrillators,Minions,Fibrillators_Ball-by-Ball Commentary & Live Score_ The Fibrillators vs Minions _ 2026-04-23 _ CricHeroes.pdf,Ball-by-Ball Commentary & Live Score_ The Fibrillators vs Minions _ 2026-04-23 _ CricHeroes.csv,Fibrillators,8,1,The Fibrillators,1.2,1,2,Sayooj Kalapurakkal,Rahul p,"OUT Caught out, Caught at Mid","Sayooj Kalapurakkal to Rahul p, OUT Caught out, Caught at Mid wicket by Hensen Hentry Rahul p c Hensen Hentry b Sayooj Kalapurakkal (0r 2b 0x4s 0x6s SR: 0.00)",,,,,0,,1,out,1
2026_04_23_the_fibrillators_vs_minions__9,2026_04_23_the_fibrillators_vs_minions,The Fibrillators vs Minions,2026-04-23,The Fibrillators vs Minions (2026-04-23),The Fibrillators,Minions,Fibrillators_Ball-by-Ball Commentary & Live Score_ The Fibrillators vs Minions _ 2026-04-23 _ CricHeroes.pdf,Ball-by-Ball Commentary & Live Score_ The Fibrillators vs Minions _ 2026-04-23 _ CricHeroes.csv,Fibrillators,9,1,The Fibrillators,1.3,1,3,Sayooj Kalapurakkal,Suresh,2 runs,"Sayooj Kalapurakkal to Suresh , 2 runs",2,2,0,,0,,0,,1
2026_04_23_the_fibrillators_vs_minions__10,2026_04_23_the_fibrillators_vs_minions,The Fibrillators vs Minions,2026-04-23,The Fibrillators vs Minions (2026-04-23),The Fibrillators,Minions,Fibrillators_Ball-by-Ball Commentary & Live Score_ The Fibrillators vs Minions _ 2026-04-23 _ CricHeroes.pdf,Ball-by-Ball Commentary & Live Score_ The Fibrillators vs Minions _ 2026-04-23 _ CricHeroes.csv,Fibrillators,10,1,The Fibrillators,1.4,1,4,Sayooj Kalapurakkal,Suresh,no run,"Sayooj Kalapurakkal to Suresh , no run",0,0,0,,0,,0,,1
2026_04_23_the_fibrillators_vs_minions__11,2026_04_23_the_fibrillators_vs_minions,The Fibrillators vs Minions,2026-04-23,The Fibrillators vs Minions (2026-04-23),The Fibrillators,Minions,Fibrillators_Ball-by-Ball Commentary & Live Score_ The Fibrillators vs Minions _ 2026-04-23 _ CricHeroes.pdf,Ball-by-Ball Commentary & Live Score_ The Fibrillators vs Minions _ 2026-04-23 _ CricHeroes.csv,Fibrillators,11,1,The Fibrillators,1.5,1,5,Sayooj Kalapurakkal,Suresh,2 runs,"Sayooj Kalapurakkal to Suresh , 2 runs",2,2,0,,0,,0,,1
2026_04_23_the_fibrillators_vs_minions__12,2026_04_23_the_fibrillators_vs_minions,The Fibrillators vs Minions,2026-04-23,The Fibrillators vs Minions (2026-04-23),The Fibrillators,Minions,Fibrillators_Ball-by-Ball Commentary & Live Score_ The Fibrillators vs Minions _ 2026-04-23 _ CricHeroes.pdf,Ball-by-Ball Commentary & Live Score_ The Fibrillators vs Minions _ 2026-04-23 _ CricHeroes.csv,Fibrillators,12,1,The Fibrillators,2.0,2,0,Sayooj Kalapurakkal,Suresh,no run,"Sayooj Kalapurakkal to Suresh , no run",0,0,0,,0,,0,,1
2026_04_23_the_fibrillators_vs_minions__13,2026_04_23_the_fibrillators_vs_minions,The Fibrillators vs Minions,2026-04-23,The Fibrillators vs Minions (2026-04-23),The Fibrillators,Minions,Fibrillators_Ball-by-Ball Commentary & Live Score_ The Fibrillators vs Minions _ 2026-04-23 _ CricHeroes.pdf,Ball-by-Ball Commentary & Live Score_ The Fibrillators vs Minions _ 2026-04-23 _ CricHeroes.csv,Fibrillators,13,1,The Fibrillators,2.1,2,1,SHAMAL KM,Gokul S,2 runs,"SHAMAL KM to Gokul S, 2 runs",2,2,0,,0,,0,,1
2026_04_23_the_fibrillators_vs_minions__14,2026_04_23_the_fibrillators_vs_minions,The Fibrillators vs Minions,2026-04-23,The Fibrillators vs Minions (2026-04-23),The Fibrillators,Minions,Fibrillators_Ball-by-Ball Commentary & Live Score_ The Fibrillators vs Minions _ 2026-04-23 _ CricHeroes.pdf,Ball-by-Ball Commentary & Live Score_ The Fibrillators vs Minions _ 2026-04-23 _ CricHeroes.csv,Fibrillators,14,1,The Fibrillators,2.2,2,2,SHAMAL KM,Gokul S,no run,"SHAMAL KM to Gokul S, no run",0,0,0,,0,,0,,1
2026_04_23_the_fibrillators_vs_minions__15,2026_04_23_the_fibrillators_vs_minions,The Fibrillators vs Minions,2026-04-23,The Fibrillators vs Minions (2026-04-23),The Fibrillators,Minions,Fibrillators_Ball-by-Ball Commentary & Live Score_ The Fibrillators vs Minions _ 2026-04-23 _ CricHeroes.pdf,Ball-by-Ball Commentary & Live Score_ The Fibrillators vs Minions _ 2026-04-23 _ CricHeroes.csv,Fibrillators,15,1,The Fibrillators,2.3,2,3,SHAMAL KM,Gokul S,2 runs,"SHAMAL KM to Gokul S, 2 runs",2,2,0,,0,,0,,1
2026_04_23_the_fibrillators_vs_minions__16,2026_04_23_the_fibrillators_vs_minions,The Fibrillators vs Minions,2026-04-23,The Fibrillators vs Minions (2026-04-23),The Fibrillators,Minions,Fibrillators_Ball-by-Ball Commentary & Live Score_ The Fibrillators vs Minions _ 2026-04-23 _ CricHeroes.pdf,Ball-by-Ball Commentary & Live Score_ The Fibrillators vs Minions _ 2026-04-23 _ CricHeroes.csv,Fibrillators,16,1,The Fibrillators,2.4,2,4,SHAMAL KM,Gokul S,no run,"SHAMAL KM to Gokul S, no run",0,0,0,,0,,0,,1
2026_04_23_the_fibrillators_vs_minions__17,2026_04_23_the_fibrillators_vs_minions,The Fibrillators vs Minions,2026-04-23,The Fibrillators vs Minions (2026-04-23),The Fibrillators,Minions,Fibrillators_Ball-by-Ball Commentary & Live Score_ The Fibrillators vs Minions _ 2026-04-23 _ CricHeroes.pdf,Ball-by-Ball Commentary & Live Score_ The Fibrillators vs Minions _ 2026-04-23 _ CricHeroes.csv,Fibrillators,17,1,The Fibrillators,2.5,2,5,SHAMAL KM,Gokul S,no run,"SHAMAL KM to Gokul S, no run",0,0,0,,0,,0,,1
2026_04_23_the_fibrillators_vs_minions__18,2026_04_23_the_fibrillators_vs_minions,The Fibrillators vs Minions,2026-04-23,The Fibrillators vs Minions (2026-04-23),The Fibrillators,Minions,Fibrillators_Ball-by-Ball Commentary & Live Score_ The Fibrillators vs Minions _ 2026-04-23 _ CricHeroes.pdf,Ball-by-Ball Commentary & Live Score_ The Fibrillators vs Minions _ 2026-04-23 _ CricHeroes.csv,Fibrillators,18,1,The Fibrillators,3.0,3,0,SHAMAL KM,Gokul S,"FOUR, to Third man","SHAMAL KM to Gokul S, FOUR, to Third man",4,4,0,,1,FOUR,0,,1
2026_04_23_the_fibrillators_vs_minions__19,2026_04_23_the_fibrillators_vs_minions,The Fibrillators vs Minions,2026-04-23,The Fibrillators vs Minions (2026-04-23),The Fibrillators,Minions,Fibrillators_Ball-by-Ball Commentary & Live Score_ The Fibrillators vs Minions _ 2026-04-23 _ CricHeroes.pdf,Ball-by-Ball Commentary & Live Score_ The Fibrillators vs Minions _ 2026-04-23 _ CricHeroes.csv,Fibrillators,19,1,The Fibrillators,3.1,3,1,Salman faris,Suresh,2 runs,"Salman faris to Suresh , 2 runs",2,2,0,,0,,0,,1
2026_04_23_the_fibrillators_vs_minions__20,2026_04_23_the_fibrillators_vs_minions,The Fibrillators vs Minions,2026-04-23,The Fibrillators vs Minions (2026-04-23),The Fibrillators,Minions,Fibrillators_Ball-by-Ball Commentary & Live Score_ The Fibrillators vs Minions _ 2026-04-23 _ CricHeroes.pdf,Ball-by-Ball Commentary & Live Score_ The Fibrillators vs Minions _ 2026-04-23 _ CricHeroes.csv,Fibrillators,20,1,The Fibrillators,3.2,3,2,Salman faris,Suresh,2 runs,"Salman faris to Suresh , 2 runs Salman faris to Suresh 2 runs",2,2,0,,0,,0,,1
2026_04_23_the_fibrillators_vs_minions__21,2026_04_23_the_fibrillators_vs_minions,The Fibrillators vs Minions,2026-04-23,The Fibrillators vs Minions (2026-04-23),The Fibrillators,Minions,Fibrillators_Ball-by-Ball Commentary & Live Score_ The Fibrillators vs Minions _ 2026-04-23 _ CricHeroes.pdf,Ball-by-Ball Commentary & Live Score_ The Fibrillators vs Minions _ 2026-04-23 _ CricHeroes.csv,Fibrillators,21,1,The Fibrillators,3.3,3,3,Salman faris,Suresh,no run,"Salman faris to Suresh , no run",0,0,0,,0,,0,,1
2026_04_23_the_fibrillators_vs_minions__22,2026_04_23_the_fibrillators_vs_minions,The Fibrillators vs Minions,2026-04-23,The Fibrillators vs Minions (2026-04-23),The Fibrillators,Minions,Fibrillators_Ball-by-Ball Commentary & Live Score_ The Fibrillators vs Minions _ 2026-04-23 _ CricHeroes.pdf,Ball-by-Ball Commentary & Live Score_ The Fibrillators vs Minions _ 2026-04-23 _ CricHeroes.csv,Fibrillators,22,1,The Fibrillators,3.4,3,4,Salman faris,Suresh,1 run,"Salman faris to Suresh , 1 run",1,1,0,,0,,0,,1
2026_04_23_the_fibrillators_vs_minions__23,2026_04_23_the_fibrillators_vs_minions,The Fibrillators vs Minions,2026-04-23,The Fibrillators vs Minions (2026-04-23),The Fibrillators,Minions,Fibrillators_Ball-by-Ball Commentary & Live Score_ The Fibrillators vs Minions _ 2026-04-23 _ CricHeroes.pdf,Ball-by-Ball Commentary & Live Score_ The Fibrillators vs Minions _ 2026-04-23 _ CricHeroes.csv,Fibrillators,23,1,The Fibrillators,3.5,3,5,Salman faris,Gokul S,1 run,"Salman faris to Gokul S, 1 run",1,1,0,,0,,0,,1
2026_04_23_the_fibrillators_vs_minions__24,2026_04_23_the_fibrillators_vs_minions,The Fibrillators vs Minions,2026-04-23,The Fibrillators vs Minions (2026-04-23),The Fibrillators,Minions,Fibrillators_Ball-by-Ball Commentary & Live Score_ The Fibrillators vs Minions _ 2026-04-23 _ CricHeroes.pdf,Ball-by-Ball Commentary & Live Score_ The Fibrillators vs Minions _ 2026-04-23 _ CricHeroes.csv,Fibrillators,24,1,The Fibrillators,4.0,4,0,Salman faris,Suresh,1 run,"Salman faris to Suresh , 1 run",1,1,0,,0,,0,,1
2026_04_23_the_fibrillators_vs_minions__25,2026_04_23_the_fibrillators_vs_minions,The Fibrillators vs Minions,2026-04-23,The Fibrillators vs Minions (2026-04-23),The Fibrillators,Minions,Fibrillators_Ball-by-Ball Commentary & Live Score_ The Fibrillators vs Minions _ 2026-04-23 _ CricHeroes.pdf,Ball-by-Ball Commentary & Live Score_ The Fibrillators vs Minions _ 2026-04-23 _ CricHeroes.csv,Fibrillators,25,1,The Fibrillators,4.1,4,1,Akash L S,Suresh,wide,"Akash L S to Suresh , wide",1,0,1,wide,0,,0,,0
2026_04_23_the_fibrillators_vs_minions__26,2026_04_23_the_fibrillators_vs_minions,The Fibrillators vs Minions,2026-04-23,The Fibrillators vs Minions (2026-04-23),The Fibrillators,Minions,Fibrillators_Ball-by-Ball Commentary & Live Score_ The Fibrillators vs Minions _ 2026-04-23 _ CricHeroes.pdf,Ball-by-Ball Commentary & Live Score_ The Fibrillators vs Minions _ 2026-04-23 _ CricHeroes.csv,Fibrillators,26,1,The Fibrillators,4.1,4,1,Akash L S,Suresh,"(no ball), 1 run, # 3 Runs saved by Aijin John","Akash L S to Suresh , (no ball), 1 run, # 3 Runs saved by Aijin John",2,0,2,no_ball,0,,0,,0
2026_04_23_the_fibrillators_vs_minions__27,2026_04_23_the_fibrillators_vs_minions,The Fibrillators vs Minions,2026-04-23,The Fibrillators vs Minions (2026-04-23),The Fibrillators,Minions,Fibrillators_Ball-by-Ball Commentary & Live Score_ The Fibrillators vs Minions _ 2026-04-23 _ CricHeroes.pdf,Ball-by-Ball Commentary & Live Score_ The Fibrillators vs Minions _ 2026-04-23 _ CricHeroes.csv,Fibrillators,27,1,The Fibrillators,4.1,4,1,Akash L S,Gokul S,no run,"Akash L S to Gokul S, no run",0,0,0,,0,,0,,1
2026_04_23_the_fibrillators_vs_minions__28,2026_04_23_the_fibrillators_vs_minions,The Fibrillators vs Minions,2026-04-23,The Fibrillators vs Minions (2026-04-23),The Fibrillators,Minions,Fibrillators_Ball-by-Ball Commentary & Live Score_ The Fibrillators vs Minions _ 2026-04-23 _ CricHeroes.pdf,Ball-by-Ball Commentary & Live Score_ The Fibrillators vs Minions _ 2026-04-23 _ CricHeroes.csv,Fibrillators,28,1,The Fibrillators,4.2,4,2,Akash L S,Gokul S,1 run,"Akash L S to Gokul S, 1 run",1,1,0,,0,,0,,1
2026_04_23_the_fibrillators_vs_minions__29,2026_04_23_the_fibrillators_vs_minions,The Fibrillators vs Minions,2026-04-23,The Fibrillators vs Minions (2026-04-23),The Fibrillators,Minions,Fibrillators_Ball-by-Ball Commentary & Live Score_ The Fibrillators vs Minions _ 2026-04-23 _ CricHeroes.pdf,Ball-by-Ball Commentary & Live Score_ The Fibrillators vs Minions _ 2026-04-23 _ CricHeroes.csv,Fibrillators,29,1,The Fibrillators,4.3,4,3,Akash L S,Suresh,no run,"Akash L S to Suresh , no run",0,0,0,,0,,0,,1
2026_04_23_the_fibrillators_vs_minions__30,2026_04_23_the_fibrillators_vs_minions,The Fibrillators vs Minions,2026-04-23,The Fibrillators vs Minions (2026-04-23),The Fibrillators,Minions,Fibrillators_Ball-by-Ball Commentary & Live Score_ The Fibrillators vs Minions _ 2026-04-23 _ CricHeroes.pdf,Ball-by-Ball Commentary & Live Score_ The Fibrillators vs Minions _ 2026-04-23 _ CricHeroes.csv,Fibrillators,30,1,The Fibrillators,4.4,4,4,Akash L S,Suresh,no run,"Akash L S to Suresh , no run",0,0,0,,0,,0,,1
2026_04_23_the_fibrillators_vs_minions__31,2026_04_23_the_fibrillators_vs_minions,The Fibrillators vs Minions,2026-04-23,The Fibrillators vs Minions (2026-04-23),The Fibrillators,Minions,Fibrillators_Ball-by-Ball Commentary & Live Score_ The Fibrillators vs Minions _ 2026-04-23 _ CricHeroes.pdf,Ball-by-Ball Commentary & Live Score_ The Fibrillators vs Minions _ 2026-04-23 _ CricHeroes.csv,Fibrillators,31,1,The Fibrillators,4.5,4,5,Akash L S,Suresh,2 runs,"Akash L S to Suresh , 2 runs",2,2,0,,0,,0,,1
2026_04_23_the_fibrillators_vs_minions__32,2026_04_23_the_fibrillators_vs_minions,The Fibrillators vs Minions,2026-04-23,The Fibrillators vs Minions (2026-04-23),The Fibrillators,Minions,Fibrillators_Ball-by-Ball Commentary & Live Score_ The Fibrillators vs Minions _ 2026-04-23 _ CricHeroes.pdf,Ball-by-Ball Commentary & Live Score_ The Fibrillators vs Minions _ 2026-04-23 _ CricHeroes.csv,Fibrillators,32,1,The Fibrillators,5.0,5,0,Akash L S,Suresh,OUT Bowled,"Akash L S to Suresh , OUT Bowled Suresh b Akash L S (13r 14b 0x4s 0x6s SR: 92.86)",,,,,0,,1,out,1
2026_04_23_the_fibrillators_vs_minions__33,2026_04_23_the_fibrillators_vs_minions,The Fibrillators vs Minions,2026-04-23,The Fibrillators vs Minions (2026-04-23),The Fibrillators,Minions,Fibrillators_Ball-by-Ball Commentary & Live Score_ The Fibrillators vs Minions _ 2026-04-23 _ CricHeroes.pdf,Ball-by-Ball Commentary & Live Score_ The Fibrillators vs Minions _ 2026-04-23 _ CricHeroes.csv,Fibrillators,33,1,The Fibrillators,5.1,5,1,Sayooj Kalapurakkal,Gokul S,1 run,"Sayooj Kalapurakkal to Gokul S, 1 run",1,1,0,,0,,0,,1
2026_04_23_the_fibrillators_vs_minions__34,2026_04_23_the_fibrillators_vs_minions,The Fibrillators vs Minions,2026-04-23,The Fibrillators vs Minions (2026-04-23),The Fibrillators,Minions,Fibrillators_Ball-by-Ball Commentary & Live Score_ The Fibrillators vs Minions _ 2026-04-23 _ CricHeroes.pdf,Ball-by-Ball Commentary & Live Score_ The Fibrillators vs Minions _ 2026-04-23 _ CricHeroes.csv,Fibrillators,34,1,The Fibrillators,5.2,5,2,Sayooj Kalapurakkal,Sandeep Eldho Jacob,no run,"Sayooj Kalapurakkal to Sandeep Eldho Jacob, no run",0,0,0,,0,,0,,1
2026_04_23_the_fibrillators_vs_minions__35,2026_04_23_the_fibrillators_vs_minions,The Fibrillators vs Minions,2026-04-23,The Fibrillators vs Minions (2026-04-23),The Fibrillators,Minions,Fibrillators_Ball-by-Ball Commentary & Live Score_ The Fibrillators vs Minions _ 2026-04-23 _ CricHeroes.pdf,Ball-by-Ball Commentary & Live Score_ The Fibrillators vs Minions _ 2026-04-23 _ CricHeroes.csv,Fibrillators,35,1,The Fibrillators,5.3,5,3,Sayooj Kalapurakkal,Sandeep Eldho Jacob,"SIX, to Straight long-","Sayooj Kalapurakkal to Sandeep Eldho Jacob, SIX, to Straight long- off",6,6,0,,1,SIX,0,,1
2026_04_23_the_fibrillators_vs_minions__36,2026_04_23_the_fibrillators_vs_minions,The Fibrillators vs Minions,2026-04-23,The Fibrillators vs Minions (2026-04-23),The Fibrillators,Minions,Fibrillators_Ball-by-Ball Commentary & Live Score_ The Fibrillators vs Minions _ 2026-04-23 _ CricHeroes.pdf,Ball-by-Ball Commentary & Live Score_ The Fibrillators vs Minions _ 2026-04-23 _ CricHeroes.csv,Fibrillators,36,1,The Fibrillators,5.4,5,4,Sayooj Kalapurakkal,Sandeep Eldho Jacob,1 run,"Sayooj Kalapurakkal to Sandeep Eldho Jacob, 1 run",1,1,0,,0,,0,,1
2026_04_23_the_fibrillators_vs_minions__37,2026_04_23_the_fibrillators_vs_minions,The Fibrillators vs Minions,2026-04-23,The Fibrillators vs Minions (2026-04-23),The Fibrillators,Minions,Fibrillators_Ball-by-Ball Commentary & Live Score_ The Fibrillators vs Minions _ 2026-04-23 _ CricHeroes.pdf,Ball-by-Ball Commentary & Live Score_ The Fibrillators vs Minions _ 2026-04-23 _ CricHeroes.csv,Fibrillators,37,1,The Fibrillators,5.5,5,5,Sayooj Kalapurakkal,Gokul S,no run,"Sayooj Kalapurakkal to Gokul S, no run",0,0,0,,0,,0,,1
2026_04_23_the_fibrillators_vs_minions__38,2026_04_23_the_fibrillators_vs_minions,The Fibrillators vs Minions,2026-04-23,The Fibrillators vs Minions (2026-04-23),The Fibrillators,Minions,Fibrillators_Ball-by-Ball Commentary & Live Score_ The Fibrillators vs Minions _ 2026-04-23 _ CricHeroes.pdf,Ball-by-Ball Commentary & Live Score_ The Fibrillators vs Minions _ 2026-04-23 _ CricHeroes.csv,Fibrillators,38,1,The Fibrillators,6.0,6,0,Sayooj Kalapurakkal,Gokul S,1 run,"Sayooj Kalapurakkal to Gokul S, 1 run",1,1,0,,0,,0,,1
2026_04_23_the_fibrillators_vs_minions__39,2026_04_23_the_fibrillators_vs_minions,The Fibrillators vs Minions,2026-04-23,The Fibrillators vs Minions (2026-04-23),The Fibrillators,Minions,Fibrillators_Ball-by-Ball Commentary & Live Score_ The Fibrillators vs Minions _ 2026-04-23 _ CricHeroes.pdf,Ball-by-Ball Commentary & Live Score_ The Fibrillators vs Minions _ 2026-04-23 _ CricHeroes.csv,Fibrillators,39,1,The Fibrillators,6.1,6,1,Salman faris,Gokul S,no run,"Salman faris to Gokul S, no run",0,0,0,,0,,0,,1
2026_04_23_the_fibrillators_vs_minions__40,2026_04_23_the_fibrillators_vs_minions,The Fibrillators vs Minions,2026-04-23,The Fibrillators vs Minions (2026-04-23),The Fibrillators,Minions,Fibrillators_Ball-by-Ball Commentary & Live Score_ The Fibrillators vs Minions _ 2026-04-23 _ CricHeroes.pdf,Ball-by-Ball Commentary & Live Score_ The Fibrillators vs Minions _ 2026-04-23 _ CricHeroes.csv,Fibrillators,40,1,The Fibrillators,6.2,6,2,Salman faris,Gokul S,"FOUR, to Wide long-on","Salman faris to Gokul S, FOUR, to Wide long-on",4,4,0,,1,FOUR,0,,1
2026_04_23_the_fibrillators_vs_minions__41,2026_04_23_the_fibrillators_vs_minions,The Fibrillators vs Minions,2026-04-23,The Fibrillators vs Minions (2026-04-23),The Fibrillators,Minions,Fibrillators_Ball-by-Ball Commentary & Live Score_ The Fibrillators vs Minions _ 2026-04-23 _ CricHeroes.pdf,Ball-by-Ball Commentary & Live Score_ The Fibrillators vs Minions _ 2026-04-23 _ CricHeroes.csv,Fibrillators,41,1,The Fibrillators,6.3,6,3,Salman faris,Gokul S,no run,"Salman faris to Gokul S, no run",0,0,0,,0,,0,,1
2026_04_23_the_fibrillators_vs_minions__42,2026_04_23_the_fibrillators_vs_minions,The Fibrillators vs Minions,2026-04-23,The Fibrillators vs Minions (2026-04-23),The Fibrillators,Minions,Fibrillators_Ball-by-Ball Commentary & Live Score_ The Fibrillators vs Minions _ 2026-04-23 _ CricHeroes.pdf,Ball-by-Ball Commentary & Live Score_ The Fibrillators vs Minions _ 2026-04-23 _ CricHeroes.csv,Fibrillators,42,1,The Fibrillators,6.4,6,4,Salman faris,Gokul S,1 run,"Salman faris to Gokul S, 1 run",1,1,0,,0,,0,,1
2026_04_23_the_fibrillators_vs_minions__43,2026_04_23_the_fibrillators_vs_minions,The Fibrillators vs Minions,2026-04-23,The Fibrillators vs Minions (2026-04-23),The Fibrillators,Minions,Fibrillators_Ball-by-Ball Commentary & Live Score_ The Fibrillators vs Minions _ 2026-04-23 _ CricHeroes.pdf,Ball-by-Ball Commentary & Live Score_ The Fibrillators vs Minions _ 2026-04-23 _ CricHeroes.csv,Fibrillators,43,1,The Fibrillators,6.5,6,5,Salman faris,Sandeep Eldho Jacob,no run,"Salman faris to Sandeep Eldho Jacob, no run",0,0,0,,0,,0,,1
2026_04_23_the_fibrillators_vs_minions__44,2026_04_23_the_fibrillators_vs_minions,The Fibrillators vs Minions,2026-04-23,The Fibrillators vs Minions (2026-04-23),The Fibrillators,Minions,Fibrillators_Ball-by-Ball Commentary & Live Score_ The Fibrillators vs Minions _ 2026-04-23 _ CricHeroes.pdf,Ball-by-Ball Commentary & Live Score_ The Fibrillators vs Minions _ 2026-04-23 _ CricHeroes.csv,Fibrillators,44,1,The Fibrillators,7.0,7,0,Salman faris,Sandeep Eldho Jacob,2 runs,"Salman faris to Sandeep Eldho Jacob, 2 runs",2,2,0,,0,,0,,1
2026_04_23_the_fibrillators_vs_minions__45,2026_04_23_the_fibrillators_vs_minions,The Fibrillators vs Minions,2026-04-23,The Fibrillators vs Minions (2026-04-23),The Fibrillators,Minions,Fibrillators_Ball-by-Ball Commentary & Live Score_ The Fibrillators vs Minions _ 2026-04-23 _ CricHeroes.pdf,Ball-by-Ball Commentary & Live Score_ The Fibrillators vs Minions _ 2026-04-23 _ CricHeroes.csv,Fibrillators,45,1,The Fibrillators,7.1,7,1,Akash L S,Gokul S,no run,"Akash L S to Gokul S, no run",0,0,0,,0,,0,,1
2026_04_23_the_fibrillators_vs_minions__46,2026_04_23_the_fibrillators_vs_minions,The Fibrillators vs Minions,2026-04-23,The Fibrillators vs Minions (2026-04-23),The Fibrillators,Minions,Fibrillators_Ball-by-Ball Commentary & Live Score_ The Fibrillators vs Minions _ 2026-04-23 _ CricHeroes.pdf,Ball-by-Ball Commentary & Live Score_ The Fibrillators vs Minions _ 2026-04-23 _ CricHeroes.csv,Fibrillators,46,1,The Fibrillators,7.2,7,2,Akash L S,Gokul S,1 run,"Akash L S to Gokul S, 1 run",1,1,0,,0,,0,,1
2026_04_23_the_fibrillators_vs_minions__47,2026_04_23_the_fibrillators_vs_minions,The Fibrillators vs Minions,2026-04-23,The Fibrillators vs Minions (2026-04-23),The Fibrillators,Minions,Fibrillators_Ball-by-Ball Commentary & Live Score_ The Fibrillators vs Minions _ 2026-04-23 _ CricHeroes.pdf,Ball-by-Ball Commentary & Live Score_ The Fibrillators vs Minions _ 2026-04-23 _ CricHeroes.csv,Fibrillators,47,1,The Fibrillators,7.3,7,3,Akash L S,Sandeep Eldho Jacob,"no run, # 6 Runs missed by Sayooj","Akash L S to Sandeep Eldho Jacob, no run, # 6 Runs missed by Sayooj Kalapurakkal",0,0,0,,0,,0,,1
2026_04_23_the_fibrillators_vs_minions__48,2026_04_23_the_fibrillators_vs_minions,The Fibrillators vs Minions,2026-04-23,The Fibrillators vs Minions (2026-04-23),The Fibrillators,Minions,Fibrillators_Ball-by-Ball Commentary & Live Score_ The Fibrillators vs Minions _ 2026-04-23 _ CricHeroes.pdf,Ball-by-Ball Commentary & Live Score_ The Fibrillators vs Minions _ 2026-04-23 _ CricHeroes.csv,Fibrillators,48,1,The Fibrillators,7.4,7,4,Akash L S,Sandeep Eldho Jacob,no run,"Akash L S to Sandeep Eldho Jacob, no run",0,0,0,,0,,0,,1
2026_04_23_the_fibrillators_vs_minions__49,2026_04_23_the_fibrillators_vs_minions,The Fibrillators vs Minions,2026-04-23,The Fibrillators vs Minions (2026-04-23),The Fibrillators,Minions,Fibrillators_Ball-by-Ball Commentary & Live Score_ The Fibrillators vs Minions _ 2026-04-23 _ CricHeroes.pdf,Ball-by-Ball Commentary & Live Score_ The Fibrillators vs Minions _ 2026-04-23 _ CricHeroes.csv,Fibrillators,49,1,The Fibrillators,7.5,7,5,Akash L S,Sandeep Eldho Jacob,OUT Bowled,"Akash L S to Sandeep Eldho Jacob, OUT Bowled Sandeep Eldho Jacob b Akash L S (9r 8b 0x4s 1x6s SR: 112.50)",,,,,0,,1,out,1
2026_04_23_the_fibrillators_vs_minions__50,2026_04_23_the_fibrillators_vs_minions,The Fibrillators vs Minions,2026-04-23,The Fibrillators vs Minions (2026-04-23),The Fibrillators,Minions,Fibrillators_Ball-by-Ball Commentary & Live Score_ The Fibrillators vs Minions _ 2026-04-23 _ CricHeroes.pdf,Ball-by-Ball Commentary & Live Score_ The Fibrillators vs Minions _ 2026-04-23 _ CricHeroes.csv,Fibrillators,50,1,The Fibrillators,8.0,8,0,Akash L S,Sebastian,no run,"Akash L S to Sebastian, no run",0,0,0,,0,,0,,1
2026_04_23_the_fibrillators_vs_minions__51,2026_04_23_the_fibrillators_vs_minions,The Fibrillators vs Minions,2026-04-23,The Fibrillators vs Minions (2026-04-23),The Fibrillators,Minions,Fibrillators_Ball-by-Ball Commentary & Live Score_ The Fibrillators vs Minions _ 2026-04-23 _ CricHeroes.pdf,Ball-by-Ball Commentary & Live Score_ The Fibrillators vs Minions _ 2026-04-23 _ CricHeroes.csv,Fibrillators,51,1,The Fibrillators,8.1,8,1,SHAMAL KM,Gokul S,wide,"SHAMAL KM to Gokul S, wide",1,0,1,wide,0,,0,,0
2026_04_23_the_fibrillators_vs_minions__52,2026_04_23_the_fibrillators_vs_minions,The Fibrillators vs Minions,2026-04-23,The Fibrillators vs Minions (2026-04-23),The Fibrillators,Minions,Fibrillators_Ball-by-Ball Commentary & Live Score_ The Fibrillators vs Minions _ 2026-04-23 _ CricHeroes.pdf,Ball-by-Ball Commentary & Live Score_ The Fibrillators vs Minions _ 2026-04-23 _ CricHeroes.csv,Fibrillators,52,1,The Fibrillators,8.1,8,1,SHAMAL KM,Gokul S,no run,"SHAMAL KM to Gokul S, no run",0,0,0,,0,,0,,1
2026_04_23_the_fibrillators_vs_minions__53,2026_04_23_the_fibrillators_vs_minions,The Fibrillators vs Minions,2026-04-23,The Fibrillators vs Minions (2026-04-23),The Fibrillators,Minions,Fibrillators_Ball-by-Ball Commentary & Live Score_ The Fibrillators vs Minions _ 2026-04-23 _ CricHeroes.pdf,Ball-by-Ball Commentary & Live Score_ The Fibrillators vs Minions _ 2026-04-23 _ CricHeroes.csv,Fibrillators,53,1,The Fibrillators,8.2,8,2,SHAMAL KM,Gokul S,2 runs,"SHAMAL KM to Gokul S, 2 runs",2,2,0,,0,,0,,1
2026_04_23_the_fibrillators_vs_minions__54,2026_04_23_the_fibrillators_vs_minions,The Fibrillators vs Minions,2026-04-23,The Fibrillators vs Minions (2026-04-23),The Fibrillators,Minions,Fibrillators_Ball-by-Ball Commentary & Live Score_ The Fibrillators vs Minions _ 2026-04-23 _ CricHeroes.pdf,Ball-by-Ball Commentary & Live Score_ The Fibrillators vs Minions _ 2026-04-23 _ CricHeroes.csv,Fibrillators,54,1,The Fibrillators,8.3,8,3,SHAMAL KM,Gokul S,1 run,"SHAMAL KM to Gokul S, 1 run",1,1,0,,0,,0,,1
2026_04_23_the_fibrillators_vs_minions__55,2026_04_23_the_fibrillators_vs_minions,The Fibrillators vs Minions,2026-04-23,The Fibrillators vs Minions (2026-04-23),The Fibrillators,Minions,Fibrillators_Ball-by-Ball Commentary & Live Score_ The Fibrillators vs Minions _ 2026-04-23 _ CricHeroes.pdf,Ball-by-Ball Commentary & Live Score_ The Fibrillators vs Minions _ 2026-04-23 _ CricHeroes.csv,Fibrillators,55,1,The Fibrillators,8.4,8,4,SHAMAL KM,Sebastian,no run,"SHAMAL KM to Sebastian, no run",0,0,0,,0,,0,,1
2026_04_23_the_fibrillators_vs_minions__56,2026_04_23_the_fibrillators_vs_minions,The Fibrillators vs Minions,2026-04-23,The Fibrillators vs Minions (2026-04-23),The Fibrillators,Minions,Fibrillators_Ball-by-Ball Commentary & Live Score_ The Fibrillators vs Minions _ 2026-04-23 _ CricHeroes.pdf,Ball-by-Ball Commentary & Live Score_ The Fibrillators vs Minions _ 2026-04-23 _ CricHeroes.csv,Fibrillators,56,1,The Fibrillators,8.5,8,5,SHAMAL KM,Sebastian,"FOUR, to Third man","SHAMAL KM to Sebastian, FOUR, to Third man",4,4,0,,1,FOUR,0,,1
2026_04_23_the_fibrillators_vs_minions__57,2026_04_23_the_fibrillators_vs_minions,The Fibrillators vs Minions,2026-04-23,The Fibrillators vs Minions (2026-04-23),The Fibrillators,Minions,Fibrillators_Ball-by-Ball Commentary & Live Score_ The Fibrillators vs Minions _ 2026-04-23 _ CricHeroes.pdf,Ball-by-Ball Commentary & Live Score_ The Fibrillators vs Minions _ 2026-04-23 _ CricHeroes.csv,Fibrillators,57,1,The Fibrillators,9.0,9,0,SHAMAL KM,Sebastian,wide,"SHAMAL KM to Sebastian, wide",1,0,1,wide,0,,0,,0
2026_04_23_the_fibrillators_vs_minions__58,2026_04_23_the_fibrillators_vs_minions,The Fibrillators vs Minions,2026-04-23,The Fibrillators vs Minions (2026-04-23),The Fibrillators,Minions,Fibrillators_Ball-by-Ball Commentary & Live Score_ The Fibrillators vs Minions _ 2026-04-23 _ CricHeroes.pdf,Ball-by-Ball Commentary & Live Score_ The Fibrillators vs Minions _ 2026-04-23 _ CricHeroes.csv,Fibrillators,58,1,The Fibrillators,9.0,9,0,SHAMAL KM,Sebastian,no run,"SHAMAL KM to Sebastian, no run",0,0,0,,0,,0,,1
2026_04_23_the_fibrillators_vs_minions__59,2026_04_23_the_fibrillators_vs_minions,The Fibrillators vs Minions,2026-04-23,The Fibrillators vs Minions (2026-04-23),The Fibrillators,Minions,Fibrillators_Ball-by-Ball Commentary & Live Score_ The Fibrillators vs Minions _ 2026-04-23 _ CricHeroes.pdf,Ball-by-Ball Commentary & Live Score_ The Fibrillators vs Minions _ 2026-04-23 _ CricHeroes.csv,Fibrillators,59,1,The Fibrillators,9.1,9,1,Salman faris,Gokul S,2 runs,"Salman faris to Gokul S, 2 runs",2,2,0,,0,,0,,1
2026_04_23_the_fibrillators_vs_minions__60,2026_04_23_the_fibrillators_vs_minions,The Fibrillators vs Minions,2026-04-23,The Fibrillators vs Minions (2026-04-23),The Fibrillators,Minions,Fibrillators_Ball-by-Ball Commentary & Live Score_ The Fibrillators vs Minions _ 2026-04-23 _ CricHeroes.pdf,Ball-by-Ball Commentary & Live Score_ The Fibrillators vs Minions _ 2026-04-23 _ CricHeroes.csv,Fibrillators,60,1,The Fibrillators,9.2,9,2,Salman faris,Gokul S,no run,"Salman faris to Gokul S, no run",0,0,0,,0,,0,,1
2026_04_23_the_fibrillators_vs_minions__61,2026_04_23_the_fibrillators_vs_minions,The Fibrillators vs Minions,2026-04-23,The Fibrillators vs Minions (2026-04-23),The Fibrillators,Minions,Fibrillators_Ball-by-Ball Commentary & Live Score_ The Fibrillators vs Minions _ 2026-04-23 _ CricHeroes.pdf,Ball-by-Ball Commentary & Live Score_ The Fibrillators vs Minions _ 2026-04-23 _ CricHeroes.csv,Fibrillators,61,1,The Fibrillators,9.3,9,3,Salman faris,Gokul S,no run,"Salman faris to Gokul S, no run",0,0,0,,0,,0,,1
2026_04_23_the_fibrillators_vs_minions__62,2026_04_23_the_fibrillators_vs_minions,The Fibrillators vs Minions,2026-04-23,The Fibrillators vs Minions (2026-04-23),The Fibrillators,Minions,Fibrillators_Ball-by-Ball Commentary & Live Score_ The Fibrillators vs Minions _ 2026-04-23 _ CricHeroes.pdf,Ball-by-Ball Commentary & Live Score_ The Fibrillators vs Minions _ 2026-04-23 _ CricHeroes.csv,Fibrillators,62,1,The Fibrillators,9.4,9,4,Salman faris,Gokul S,"OUT Caught out, Caught at Wicket keeper","Salman faris to Gokul S, OUT Caught out, Caught at Wicket keeper by Lokesh Gokul S c Lokesh b Salman faris (23r 25b 2x4s 0x6s SR: 92.00)",,,,,0,,1,out,1
2026_04_23_the_fibrillators_vs_minions__63,2026_04_23_the_fibrillators_vs_minions,The Fibrillators vs Minions,2026-04-23,The Fibrillators vs Minions (2026-04-23),The Fibrillators,Minions,Fibrillators_Ball-by-Ball Commentary & Live Score_ The Fibrillators vs Minions _ 2026-04-23 _ CricHeroes.pdf,Ball-by-Ball Commentary & Live Score_ The Fibrillators vs Minions _ 2026-04-23 _ CricHeroes.csv,Fibrillators,63,1,The Fibrillators,9.5,9,5,Salman faris,Ajeeth,1 run,"Salman faris to Ajeeth, 1 run",1,1,0,,0,,0,,1
2026_04_23_the_fibrillators_vs_minions__64,2026_04_23_the_fibrillators_vs_minions,The Fibrillators vs Minions,2026-04-23,The Fibrillators vs Minions (2026-04-23),The Fibrillators,Minions,Fibrillators_Ball-by-Ball Commentary & Live Score_ The Fibrillators vs Minions _ 2026-04-23 _ CricHeroes.pdf,Ball-by-Ball Commentary & Live Score_ The Fibrillators vs Minions _ 2026-04-23 _ CricHeroes.csv,Fibrillators,65,1,The Fibrillators,10.0,10,0,Salman faris,Jayaraman Srinivasan,no run,"Salman faris to Jayaraman Srinivasan, no run",0,0,0,,0,,0,,1
2026_04_23_the_fibrillators_vs_minions__65,2026_04_23_the_fibrillators_vs_minions,The Fibrillators vs Minions,2026-04-23,The Fibrillators vs Minions (2026-04-23),The Fibrillators,Minions,Fibrillators_Ball-by-Ball Commentary & Live Score_ The Fibrillators vs Minions _ 2026-04-23 _ CricHeroes.pdf,Ball-by-Ball Commentary & Live Score_ The Fibrillators vs Minions _ 2026-04-23 _ CricHeroes.csv,Fibrillators,66,1,The Fibrillators,10.1,10,1,Akash L S,Ajeeth,"OUT Run out, Throw from Third man by Sajmal L","Akash L S to Ajeeth, OUT Run out, Throw from Third man by Sajmal L S Jayaraman Srinivasan run out Sajmal L S / † Lokesh (0r 1b 0x4s 0x6s SR: 0.00)",,,,,0,,1,run_out,1
2026_04_23_the_fibrillators_vs_minions__66,2026_04_23_the_fibrillators_vs_minions,The Fibrillators vs Minions,2026-04-23,The Fibrillators vs Minions (2026-04-23),The Fibrillators,Minions,Fibrillators_Ball-by-Ball Commentary & Live Score_ The Fibrillators vs Minions _ 2026-04-23 _ CricHeroes.pdf,Ball-by-Ball Commentary & Live Score_ The Fibrillators vs Minions _ 2026-04-23 _ CricHeroes.csv,Fibrillators,67,1,The Fibrillators,10.2,10,2,Akash L S,Arvind Thomas,no run,"Akash L S to Arvind Thomas, no run",0,0,0,,0,,0,,1
2026_04_23_the_fibrillators_vs_minions__67,2026_04_23_the_fibrillators_vs_minions,The Fibrillators vs Minions,2026-04-23,The Fibrillators vs Minions (2026-04-23),The Fibrillators,Minions,Fibrillators_Ball-by-Ball Commentary & Live Score_ The Fibrillators vs Minions _ 2026-04-23 _ CricHeroes.pdf,Ball-by-Ball Commentary & Live Score_ The Fibrillators vs Minions _ 2026-04-23 _ CricHeroes.csv,Fibrillators,68,1,The Fibrillators,10.3,10,3,Akash L S,Arvind Thomas,no run,"Akash L S to Arvind Thomas, no run",0,0,0,,0,,0,,1
2026_04_23_the_fibrillators_vs_minions__68,2026_04_23_the_fibrillators_vs_minions,The Fibrillators vs Minions,2026-04-23,The Fibrillators vs Minions (2026-04-23),The Fibrillators,Minions,Fibrillators_Ball-by-Ball Commentary & Live Score_ The Fibrillators vs Minions _ 2026-04-23 _ CricHeroes.pdf,Ball-by-Ball Commentary & Live Score_ The Fibrillators vs Minions _ 2026-04-23 _ CricHeroes.csv,Fibrillators,69,1,The Fibrillators,10.4,10,4,Akash L S,Arvind Thomas,(no ball),"Akash L S to Arvind Thomas, (no ball)",1,0,1,no_ball,0,,0,,0
2026_04_23_the_fibrillators_vs_minions__69,2026_04_23_the_fibrillators_vs_minions,The Fibrillators vs Minions,2026-04-23,The Fibrillators vs Minions (2026-04-23),The Fibrillators,Minions,Fibrillators_Ball-by-Ball Commentary & Live Score_ The Fibrillators vs Minions _ 2026-04-23 _ CricHeroes.pdf,Ball-by-Ball Commentary & Live Score_ The Fibrillators vs Minions _ 2026-04-23 _ CricHeroes.csv,Fibrillators,70,1,The Fibrillators,10.4,10,4,Akash L S,Arvind Thomas,1 run,"Akash L S to Arvind Thomas, 1 run",1,1,0,,0,,0,,1
2026_04_23_the_fibrillators_vs_minions__70,2026_04_23_the_fibrillators_vs_minions,The Fibrillators vs Minions,2026-04-23,The Fibrillators vs Minions (2026-04-23),The Fibrillators,Minions,Fibrillators_Ball-by-Ball Commentary & Live Score_ The Fibrillators vs Minions _ 2026-04-23 _ CricHeroes.pdf,Ball-by-Ball Commentary & Live Score_ The Fibrillators vs Minions _ 2026-04-23 _ CricHeroes.csv,Fibrillators,71,1,The Fibrillators,10.5,10,5,Akash L S,Ajeeth,"OUT Caught out, Caught at Extra cover by Vinay","Akash L S to Ajeeth, OUT Caught out, Caught at Extra cover by Vinay LS, # What a brilliant catch! Ajeeth c Vinay LS b Akash L S (1r 3b 0x4s 0x6s SR: 33.33)",,,,,0,,1,out,1
2026_04_23_the_fibrillators_vs_minions__71,2026_04_23_the_fibrillators_vs_minions,The Fibrillators vs Minions,2026-04-23,The Fibrillators vs Minions (2026-04-23),The Fibrillators,Minions,Fibrillators_Ball-by-Ball Commentary & Live Score_ The Fibrillators vs Minions _ 2026-04-23 _ CricHeroes.pdf,Ball-by-Ball Commentary & Live Score_ The Fibrillators vs Minions _ 2026-04-23 _ CricHeroes.csv,Fibrillators,72,1,The Fibrillators,11.0,11,0,Akash L S,Harsha LS,no run,"Akash L S to Harsha LS, no run",0,0,0,,0,,0,,1
2026_04_23_the_fibrillators_vs_minions__72,2026_04_23_the_fibrillators_vs_minions,The Fibrillators vs Minions,2026-04-23,The Fibrillators vs Minions (2026-04-23),The Fibrillators,Minions,Fibrillators_Ball-by-Ball Commentary & Live Score_ The Fibrillators vs Minions _ 2026-04-23 _ CricHeroes.pdf,Ball-by-Ball Commentary & Live Score_ The Fibrillators vs Minions _ 2026-04-23 _ CricHeroes.csv,Fibrillators,73,1,The Fibrillators,11.1,11,1,Sayooj Kalapurakkal,Arvind Thomas,no run,"Sayooj Kalapurakkal to Arvind Thomas, no run",0,0,0,,0,,0,,1
2026_04_23_the_fibrillators_vs_minions__73,2026_04_23_the_fibrillators_vs_minions,The Fibrillators vs Minions,2026-04-23,The Fibrillators vs Minions (2026-04-23),The Fibrillators,Minions,Fibrillators_Ball-by-Ball Commentary & Live Score_ The Fibrillators vs Minions _ 2026-04-23 _ CricHeroes.pdf,Ball-by-Ball Commentary & Live Score_ The Fibrillators vs Minions _ 2026-04-23 _ CricHeroes.csv,Fibrillators,74,1,The Fibrillators,11.2,11,2,Sayooj Kalapurakkal,Arvind Thomas,2 runs,"Sayooj Kalapurakkal to Arvind Thomas, 2 runs",2,2,0,,0,,0,,1
2026_04_23_the_fibrillators_vs_minions__74,2026_04_23_the_fibrillators_vs_minions,The Fibrillators vs Minions,2026-04-23,The Fibrillators vs Minions (2026-04-23),The Fibrillators,Minions,Fibrillators_Ball-by-Ball Commentary & Live Score_ The Fibrillators vs Minions _ 2026-04-23 _ CricHeroes.pdf,Ball-by-Ball Commentary & Live Score_ The Fibrillators vs Minions _ 2026-04-23 _ CricHeroes.csv,Fibrillators,75,1,The Fibrillators,11.3,11,3,Sayooj Kalapurakkal,Arvind Thomas,OUT Hit wicket,"Sayooj Kalapurakkal to Arvind Thomas, OUT Hit wicket Arvind Thomas hit wkt b Sayooj Kalapurakkal (3r 7b 0x4s 0x6s SR: 42.86)",,,,,0,,1,out,1
2026_04_23_the_fibrillators_vs_minions__75,2026_04_23_the_fibrillators_vs_minions,The Fibrillators vs Minions,2026-04-23,The Fibrillators vs Minions (2026-04-23),The Fibrillators,Minions,Fibrillators_Ball-by-Ball Commentary & Live Score_ The Fibrillators vs Minions _ 2026-04-23 _ CricHeroes.pdf,Ball-by-Ball Commentary & Live Score_ The Fibrillators vs Minions _ 2026-04-23 _ CricHeroes.csv,Fibrillators,76,1,The Fibrillators,11.4,11,4,Sayooj Kalapurakkal,Sebastian,no run,"Sayooj Kalapurakkal to Sebastian, no run",0,0,0,,0,,0,,1
2026_04_23_the_fibrillators_vs_minions__76,2026_04_23_the_fibrillators_vs_minions,The Fibrillators vs Minions,2026-04-23,The Fibrillators vs Minions (2026-04-23),The Fibrillators,Minions,Fibrillators_Ball-by-Ball Commentary & Live Score_ The Fibrillators vs Minions _ 2026-04-23 _ CricHeroes.pdf,Ball-by-Ball Commentary & Live Score_ The Fibrillators vs Minions _ 2026-04-23 _ CricHeroes.csv,Fibrillators,77,1,The Fibrillators,11.5,11,5,Sayooj Kalapurakkal,Sebastian,1 run,"Sayooj Kalapurakkal to Sebastian, 1 run",1,1,0,,0,,0,,1
2026_04_23_the_fibrillators_vs_minions__77,2026_04_23_the_fibrillators_vs_minions,The Fibrillators vs Minions,2026-04-23,The Fibrillators vs Minions (2026-04-23),The Fibrillators,Minions,Fibrillators_Ball-by-Ball Commentary & Live Score_ The Fibrillators vs Minions _ 2026-04-23 _ CricHeroes.pdf,Ball-by-Ball Commentary & Live Score_ The Fibrillators vs Minions _ 2026-04-23 _ CricHeroes.csv,Fibrillators,78,1,The Fibrillators,12.0,12,0,Sayooj Kalapurakkal,Harsha LS,2 runs,"Sayooj Kalapurakkal to Harsha LS, 2 runs",2,2,0,,0,,0,,1
2026_04_23_the_fibrillators_vs_minions__78,2026_04_23_the_fibrillators_vs_minions,The Fibrillators vs Minions,2026-04-23,The Fibrillators vs Minions (2026-04-23),The Fibrillators,Minions,Fibrillators_Ball-by-Ball Commentary & Live Score_ The Fibrillators vs Minions _ 2026-04-23 _ CricHeroes.pdf,Ball-by-Ball Commentary & Live Score_ The Fibrillators vs Minions _ 2026-04-23 _ CricHeroes.csv,Fibrillators,79,1,The Fibrillators,12.1,12,1,SHAMAL KM,Sebastian,1 run,"SHAMAL KM to Sebastian, 1 run",1,1,0,,0,,0,,1
2026_04_23_the_fibrillators_vs_minions__79,2026_04_23_the_fibrillators_vs_minions,The Fibrillators vs Minions,2026-04-23,The Fibrillators vs Minions (2026-04-23),The Fibrillators,Minions,Fibrillators_Ball-by-Ball Commentary & Live Score_ The Fibrillators vs Minions _ 2026-04-23 _ CricHeroes.pdf,Ball-by-Ball Commentary & Live Score_ The Fibrillators vs Minions _ 2026-04-23 _ CricHeroes.csv,Fibrillators,80,1,The Fibrillators,12.2,12,2,SHAMAL KM,Harsha LS,no run,"SHAMAL KM to Harsha LS, no run",0,0,0,,0,,0,,1
2026_04_23_the_fibrillators_vs_minions__80,2026_04_23_the_fibrillators_vs_minions,The Fibrillators vs Minions,2026-04-23,The Fibrillators vs Minions (2026-04-23),The Fibrillators,Minions,Fibrillators_Ball-by-Ball Commentary & Live Score_ The Fibrillators vs Minions _ 2026-04-23 _ CricHeroes.pdf,Ball-by-Ball Commentary & Live Score_ The Fibrillators vs Minions _ 2026-04-23 _ CricHeroes.csv,Fibrillators,81,1,The Fibrillators,12.3,12,3,SHAMAL KM,Harsha LS,1 run,"SHAMAL KM to Harsha LS, 1 run",1,1,0,,0,,0,,1
2026_04_23_the_fibrillators_vs_minions__81,2026_04_23_the_fibrillators_vs_minions,The Fibrillators vs Minions,2026-04-23,The Fibrillators vs Minions (2026-04-23),The Fibrillators,Minions,Fibrillators_Ball-by-Ball Commentary & Live Score_ The Fibrillators vs Minions _ 2026-04-23 _ CricHeroes.pdf,Ball-by-Ball Commentary & Live Score_ The Fibrillators vs Minions _ 2026-04-23 _ CricHeroes.csv,Fibrillators,82,1,The Fibrillators,12.4,12,4,SHAMAL KM,Sebastian,OUT Hit wicket,"SHAMAL KM to Sebastian, OUT Hit wicket Sebastian hit wkt b SHAMAL KM (6r 8b 1x4s 0x6s SR: 75.00) SHAMAL KM t H h LS 1",,,,,0,,1,out,1
2026_04_23_the_fibrillators_vs_minions__82,2026_04_23_the_fibrillators_vs_minions,The Fibrillators vs Minions,2026-04-23,The Fibrillators vs Minions (2026-04-23),The Fibrillators,Minions,Fibrillators_Ball-by-Ball Commentary & Live Score_ The Fibrillators vs Minions _ 2026-04-23 _ CricHeroes.pdf,Ball-by-Ball Commentary & Live Score_ The Fibrillators vs Minions _ 2026-04-23 _ CricHeroes.csv,Fibrillators,83,1,The Fibrillators,12.5,12,5,SHAMAL KM,Harsha LS,2 runs,"SHAMAL KM to Harsha LS, 2 runs",2,2,0,,0,,0,,1
2026_04_23_the_fibrillators_vs_minions__83,2026_04_23_the_fibrillators_vs_minions,The Fibrillators vs Minions,2026-04-23,The Fibrillators vs Minions (2026-04-23),The Fibrillators,Minions,Fibrillators_Ball-by-Ball Commentary & Live Score_ The Fibrillators vs Minions _ 2026-04-23 _ CricHeroes.pdf,Ball-by-Ball Commentary & Live Score_ The Fibrillators vs Minions _ 2026-04-23 _ CricHeroes.csv,Fibrillators,84,1,The Fibrillators,13.0,13,0,SHAMAL KM,Harsha LS,1 run,"SHAMAL KM to Harsha LS, 1 run",1,1,0,,0,,0,,1
2026_04_23_the_fibrillators_vs_minions__84,2026_04_23_the_fibrillators_vs_minions,The Fibrillators vs Minions,2026-04-23,The Fibrillators vs Minions (2026-04-23),The Fibrillators,Minions,Minions_Ball-by-Ball Commentary & Live Score_ The Fibrillators vs Minions _ 2026-04-23 _ CricHeroes.pdf,Ball-by-Ball Commentary & Live Score_ The Fibrillators vs Minions _ 2026-04-23 _ CricHeroes.csv,Minions,1,2,Minions,0.1,0,1,Lakshethaa VN,mythri M,1 run,"Lakshethaa VN to mythri M, 1 run",1,1,0,,0,,0,,1
2026_04_23_the_fibrillators_vs_minions__85,2026_04_23_the_fibrillators_vs_minions,The Fibrillators vs Minions,2026-04-23,The Fibrillators vs Minions (2026-04-23),The Fibrillators,Minions,Minions_Ball-by-Ball Commentary & Live Score_ The Fibrillators vs Minions _ 2026-04-23 _ CricHeroes.pdf,Ball-by-Ball Commentary & Live Score_ The Fibrillators vs Minions _ 2026-04-23 _ CricHeroes.csv,Minions,2,2,Minions,0.2,0,2,Lakshethaa VN,mythri M,wide,"Lakshethaa VN to mythri M, wide",1,0,1,wide,0,,0,,0
2026_04_23_the_fibrillators_vs_minions__86,2026_04_23_the_fibrillators_vs_minions,The Fibrillators vs Minions,2026-04-23,The Fibrillators vs Minions (2026-04-23),The Fibrillators,Minions,Minions_Ball-by-Ball Commentary & Live Score_ The Fibrillators vs Minions _ 2026-04-23 _ CricHeroes.pdf,Ball-by-Ball Commentary & Live Score_ The Fibrillators vs Minions _ 2026-04-23 _ CricHeroes.csv,Minions,3,2,Minions,0.2,0,2,Lakshethaa VN,mythri M,no run,"Lakshethaa VN to mythri M, no run",0,0,0,,0,,0,,1
2026_04_23_the_fibrillators_vs_minions__87,2026_04_23_the_fibrillators_vs_minions,The Fibrillators vs Minions,2026-04-23,The Fibrillators vs Minions (2026-04-23),The Fibrillators,Minions,Minions_Ball-by-Ball Commentary & Live Score_ The Fibrillators vs Minions _ 2026-04-23 _ CricHeroes.pdf,Ball-by-Ball Commentary & Live Score_ The Fibrillators vs Minions _ 2026-04-23 _ CricHeroes.csv,Minions,4,2,Minions,0.3,0,3,Lakshethaa VN,mythri M,(no ball),"Lakshethaa VN to mythri M, (no ball)",1,0,1,no_ball,0,,0,,0
2026_04_23_the_fibrillators_vs_minions__88,2026_04_23_the_fibrillators_vs_minions,The Fibrillators vs Minions,2026-04-23,The Fibrillators vs Minions (2026-04-23),The Fibrillators,Minions,Minions_Ball-by-Ball Commentary & Live Score_ The Fibrillators vs Minions _ 2026-04-23 _ CricHeroes.pdf,Ball-by-Ball Commentary & Live Score_ The Fibrillators vs Minions _ 2026-04-23 _ CricHeroes.csv,Minions,5,2,Minions,0.3,0,3,Lakshethaa VN,mythri M,1 run,"Lakshethaa VN to mythri M, 1 run",1,1,0,,0,,0,,1
2026_04_23_the_fibrillators_vs_minions__89,2026_04_23_the_fibrillators_vs_minions,The Fibrillators vs Minions,2026-04-23,The Fibrillators vs Minions (2026-04-23),The Fibrillators,Minions,Minions_Ball-by-Ball Commentary & Live Score_ The Fibrillators vs Minions _ 2026-04-23 _ CricHeroes.pdf,Ball-by-Ball Commentary & Live Score_ The Fibrillators vs Minions _ 2026-04-23 _ CricHeroes.csv,Minions,6,2,Minions,0.4,0,4,Lakshethaa VN,mythri M,no run,"Lakshethaa VN to mythri M, no run",0,0,0,,0,,0,,1
2026_04_23_the_fibrillators_vs_minions__90,2026_04_23_the_fibrillators_vs_minions,The Fibrillators vs Minions,2026-04-23,The Fibrillators vs Minions (2026-04-23),The Fibrillators,Minions,Minions_Ball-by-Ball Commentary & Live Score_ The Fibrillators vs Minions _ 2026-04-23 _ CricHeroes.pdf,Ball-by-Ball Commentary & Live Score_ The Fibrillators vs Minions _ 2026-04-23 _ CricHeroes.csv,Minions,7,2,Minions,0.5,0,5,Lakshethaa VN,mythri M,no run,"Lakshethaa VN to mythri M, no run",0,0,0,,0,,0,,1
2026_04_23_the_fibrillators_vs_minions__91,2026_04_23_the_fibrillators_vs_minions,The Fibrillators vs Minions,2026-04-23,The Fibrillators vs Minions (2026-04-23),The Fibrillators,Minions,Minions_Ball-by-Ball Commentary & Live Score_ The Fibrillators vs Minions _ 2026-04-23 _ CricHeroes.pdf,Ball-by-Ball Commentary & Live Score_ The Fibrillators vs Minions _ 2026-04-23 _ CricHeroes.csv,Minions,8,2,Minions,1.0,1,0,Lakshethaa VN,mythri M,1 run,"Lakshethaa VN to mythri M, 1 run",1,1,0,,0,,0,,1
2026_04_23_the_fibrillators_vs_minions__92,2026_04_23_the_fibrillators_vs_minions,The Fibrillators vs Minions,2026-04-23,The Fibrillators vs Minions (2026-04-23),The Fibrillators,Minions,Minions_Ball-by-Ball Commentary & Live Score_ The Fibrillators vs Minions _ 2026-04-23 _ CricHeroes.pdf,Ball-by-Ball Commentary & Live Score_ The Fibrillators vs Minions _ 2026-04-23 _ CricHeroes.csv,Minions,10,2,Minions,1.1,1,1,Sebastian,Sayooj Kalapurakkal,no run,"Sebastian to Sayooj Kalapurakkal, no run",0,0,0,,0,,0,,1
2026_04_23_the_fibrillators_vs_minions__93,2026_04_23_the_fibrillators_vs_minions,The Fibrillators vs Minions,2026-04-23,The Fibrillators vs Minions (2026-04-23),The Fibrillators,Minions,Minions_Ball-by-Ball Commentary & Live Score_ The Fibrillators vs Minions _ 2026-04-23 _ CricHeroes.pdf,Ball-by-Ball Commentary & Live Score_ The Fibrillators vs Minions _ 2026-04-23 _ CricHeroes.csv,Minions,11,2,Minions,1.2,1,2,Sebastian,Sayooj Kalapurakkal,1 run,"Sebastian to Sayooj Kalapurakkal, 1 run",1,1,0,,0,,0,,1
2026_04_23_the_fibrillators_vs_minions__94,2026_04_23_the_fibrillators_vs_minions,The Fibrillators vs Minions,2026-04-23,The Fibrillators vs Minions (2026-04-23),The Fibrillators,Minions,Minions_Ball-by-Ball Commentary & Live Score_ The Fibrillators vs Minions _ 2026-04-23 _ CricHeroes.pdf,Ball-by-Ball Commentary & Live Score_ The Fibrillators vs Minions _ 2026-04-23 _ CricHeroes.csv,Minions,12,2,Minions,1.3,1,3,Sebastian,Vinay LS,"FOUR, to Fine leg","Sebastian to Vinay LS, FOUR, to Fine leg",4,4,0,,1,FOUR,0,,1
2026_04_23_the_fibrillators_vs_minions__95,2026_04_23_the_fibrillators_vs_minions,The Fibrillators vs Minions,2026-04-23,The Fibrillators vs Minions (2026-04-23),The Fibrillators,Minions,Minions_Ball-by-Ball Commentary & Live Score_ The Fibrillators vs Minions _ 2026-04-23 _ CricHeroes.pdf,Ball-by-Ball Commentary & Live Score_ The Fibrillators vs Minions _ 2026-04-23 _ CricHeroes.csv,Minions,13,2,Minions,1.4,1,4,Sebastian,Vinay LS,1 run,"Sebastian to Vinay LS, 1 run",1,1,0,,0,,0,,1
2026_04_23_the_fibrillators_vs_minions__96,2026_04_23_the_fibrillators_vs_minions,The Fibrillators vs Minions,2026-04-23,The Fibrillators vs Minions (2026-04-23),The Fibrillators,Minions,Minions_Ball-by-Ball Commentary & Live Score_ The Fibrillators vs Minions _ 2026-04-23 _ CricHeroes.pdf,Ball-by-Ball Commentary & Live Score_ The Fibrillators vs Minions _ 2026-04-23 _ CricHeroes.csv,Minions,14,2,Minions,1.5,1,5,Sebastian,Sayooj Kalapurakkal,1 run,"Sebastian to Sayooj Kalapurakkal, 1 run",1,1,0,,0,,0,,1
2026_04_23_the_fibrillators_vs_minions__97,2026_04_23_the_fibrillators_vs_minions,The Fibrillators vs Minions,2026-04-23,The Fibrillators vs Minions (2026-04-23),The Fibrillators,Minions,Minions_Ball-by-Ball Commentary & Live Score_ The Fibrillators vs Minions _ 2026-04-23 _ CricHeroes.pdf,Ball-by-Ball Commentary & Live Score_ The Fibrillators vs Minions _ 2026-04-23 _ CricHeroes.csv,Minions,15,2,Minions,2.0,2,0,Sebastian,Vinay LS,1 run,"Sebastian to Vinay LS, 1 run",1,1,0,,0,,0,,1
2026_04_23_the_fibrillators_vs_minions__98,2026_04_23_the_fibrillators_vs_minions,The Fibrillators vs Minions,2026-04-23,The Fibrillators vs Minions (2026-04-23),The Fibrillators,Minions,Minions_Ball-by-Ball Commentary & Live Score_ The Fibrillators vs Minions _ 2026-04-23 _ CricHeroes.pdf,Ball-by-Ball Commentary & Live Score_ The Fibrillators vs Minions _ 2026-04-23 _ CricHeroes.csv,Minions,16,2,Minions,2.1,2,1,Suresh,Vinay LS,1 run,"Suresh to Vinay LS, 1 run",1,1,0,,0,,0,,1
2026_04_23_the_fibrillators_vs_minions__99,2026_04_23_the_fibrillators_vs_minions,The Fibrillators vs Minions,2026-04-23,The Fibrillators vs Minions (2026-04-23),The Fibrillators,Minions,Minions_Ball-by-Ball Commentary & Live Score_ The Fibrillators vs Minions _ 2026-04-23 _ CricHeroes.pdf,Ball-by-Ball Commentary & Live Score_ The Fibrillators vs Minions _ 2026-04-23 _ CricHeroes.csv,Minions,17,2,Minions,2.2,2,2,Suresh,Sayooj Kalapurakkal,1 run,"Suresh to Sayooj Kalapurakkal, 1 run",1,1,0,,0,,0,,1
2026_04_23_the_fibrillators_vs_minions__100,2026_04_23_the_fibrillators_vs_minions,The Fibrillators vs Minions,2026-04-23,The Fibrillators vs Minions (2026-04-23),The Fibrillators,Minions,Minions_Ball-by-Ball Commentary & Live Score_ The Fibrillators vs Minions _ 2026-04-23 _ CricHeroes.pdf,Ball-by-Ball Commentary & Live Score_ The Fibrillators vs Minions _ 2026-04-23 _ CricHeroes.csv,Minions,18,2,Minions,2.3,2,3,Suresh,Vinay LS,wide,"Suresh to Vinay LS, wide",1,0,1,wide,0,,0,,0
2026_04_23_the_fibrillators_vs_minions__101,2026_04_23_the_fibrillators_vs_minions,The Fibrillators vs Minions,2026-04-23,The Fibrillators vs Minions (2026-04-23),The Fibrillators,Minions,Minions_Ball-by-Ball Commentary & Live Score_ The Fibrillators vs Minions _ 2026-04-23 _ CricHeroes.pdf,Ball-by-Ball Commentary & Live Score_ The Fibrillators vs Minions _ 2026-04-23 _ CricHeroes.csv,Minions,19,2,Minions,2.3,2,3,Suresh,Vinay LS,1 run,"Suresh to Vinay LS, 1 run",1,1,0,,0,,0,,1
2026_04_23_the_fibrillators_vs_minions__102,2026_04_23_the_fibrillators_vs_minions,The Fibrillators vs Minions,2026-04-23,The Fibrillators vs Minions (2026-04-23),The Fibrillators,Minions,Minions_Ball-by-Ball Commentary & Live Score_ The Fibrillators vs Minions _ 2026-04-23 _ CricHeroes.pdf,Ball-by-Ball Commentary & Live Score_ The Fibrillators vs Minions _ 2026-04-23 _ CricHeroes.csv,Minions,20,2,Minions,2.4,2,4,Suresh,Sayooj Kalapurakkal,no run,"Suresh to Sayooj Kalapurakkal, no run",0,0,0,,0,,0,,1
2026_04_23_the_fibrillators_vs_minions__103,2026_04_23_the_fibrillators_vs_minions,The Fibrillators vs Minions,2026-04-23,The Fibrillators vs Minions (2026-04-23),The Fibrillators,Minions,Minions_Ball-by-Ball Commentary & Live Score_ The Fibrillators vs Minions _ 2026-04-23 _ CricHeroes.pdf,Ball-by-Ball Commentary & Live Score_ The Fibrillators vs Minions _ 2026-04-23 _ CricHeroes.csv,Minions,21,2,Minions,2.5,2,5,Suresh,Sayooj Kalapurakkal,1 run,"Suresh to Sayooj Kalapurakkal, 1 run",1,1,0,,0,,0,,1
2026_04_23_the_fibrillators_vs_minions__104,2026_04_23_the_fibrillators_vs_minions,The Fibrillators vs Minions,2026-04-23,The Fibrillators vs Minions (2026-04-23),The Fibrillators,Minions,Minions_Ball-by-Ball Commentary & Live Score_ The Fibrillators vs Minions _ 2026-04-23 _ CricHeroes.pdf,Ball-by-Ball Commentary & Live Score_ The Fibrillators vs Minions _ 2026-04-23 _ CricHeroes.csv,Minions,22,2,Minions,3.0,3,0,Suresh,Vinay LS,no run,"Suresh to Vinay LS, no run",0,0,0,,0,,0,,1
2026_04_23_the_fibrillators_vs_minions__105,2026_04_23_the_fibrillators_vs_minions,The Fibrillators vs Minions,2026-04-23,The Fibrillators vs Minions (2026-04-23),The Fibrillators,Minions,Minions_Ball-by-Ball Commentary & Live Score_ The Fibrillators vs Minions _ 2026-04-23 _ CricHeroes.pdf,Ball-by-Ball Commentary & Live Score_ The Fibrillators vs Minions _ 2026-04-23 _ CricHeroes.csv,Minions,23,2,Minions,3.1,3,1,Arvind Thomas,Sayooj Kalapurakkal,no run,"Arvind Thomas to Sayooj Kalapurakkal, no run",0,0,0,,0,,0,,1
2026_04_23_the_fibrillators_vs_minions__106,2026_04_23_the_fibrillators_vs_minions,The Fibrillators vs Minions,2026-04-23,The Fibrillators vs Minions (2026-04-23),The Fibrillators,Minions,Minions_Ball-by-Ball Commentary & Live Score_ The Fibrillators vs Minions _ 2026-04-23 _ CricHeroes.pdf,Ball-by-Ball Commentary & Live Score_ The Fibrillators vs Minions _ 2026-04-23 _ CricHeroes.csv,Minions,24,2,Minions,3.2,3,2,Arvind Thomas,Sayooj Kalapurakkal,1 run,"Arvind Thomas to Sayooj Kalapurakkal, 1 run",1,1,0,,0,,0,,1
2026_04_23_the_fibrillators_vs_minions__107,2026_04_23_the_fibrillators_vs_minions,The Fibrillators vs Minions,2026-04-23,The Fibrillators vs Minions (2026-04-23),The Fibrillators,Minions,Minions_Ball-by-Ball Commentary & Live Score_ The Fibrillators vs Minions _ 2026-04-23 _ CricHeroes.pdf,Ball-by-Ball Commentary & Live Score_ The Fibrillators vs Minions _ 2026-04-23 _ CricHeroes.csv,Minions,25,2,Minions,3.3,3,3,Arvind Thomas,Vinay LS,1 run,"Arvind Thomas to Vinay LS, 1 run",1,1,0,,0,,0,,1
2026_04_23_the_fibrillators_vs_minions__108,2026_04_23_the_fibrillators_vs_minions,The Fibrillators vs Minions,2026-04-23,The Fibrillators vs Minions (2026-04-23),The Fibrillators,Minions,Minions_Ball-by-Ball Commentary & Live Score_ The Fibrillators vs Minions _ 2026-04-23 _ CricHeroes.pdf,Ball-by-Ball Commentary & Live Score_ The Fibrillators vs Minions _ 2026-04-23 _ CricHeroes.csv,Minions,26,2,Minions,3.4,3,4,Arvind Thomas,Sayooj Kalapurakkal,1 run,"Arvind Thomas to Sayooj Kalapurakkal, 1 run",1,1,0,,0,,0,,1
2026_04_23_the_fibrillators_vs_minions__109,2026_04_23_the_fibrillators_vs_minions,The Fibrillators vs Minions,2026-04-23,The Fibrillators vs Minions (2026-04-23),The Fibrillators,Minions,Minions_Ball-by-Ball Commentary & Live Score_ The Fibrillators vs Minions _ 2026-04-23 _ CricHeroes.pdf,Ball-by-Ball Commentary & Live Score_ The Fibrillators vs Minions _ 2026-04-23 _ CricHeroes.csv,Minions,27,2,Minions,3.5,3,5,Arvind Thomas,Vinay LS,wide,"Arvind Thomas to Vinay LS, wide",1,0,1,wide,0,,0,,0
2026_04_23_the_fibrillators_vs_minions__110,2026_04_23_the_fibrillators_vs_minions,The Fibrillators vs Minions,2026-04-23,The Fibrillators vs Minions (2026-04-23),The Fibrillators,Minions,Minions_Ball-by-Ball Commentary & Live Score_ The Fibrillators vs Minions _ 2026-04-23 _ CricHeroes.pdf,Ball-by-Ball Commentary & Live Score_ The Fibrillators vs Minions _ 2026-04-23 _ CricHeroes.csv,Minions,28,2,Minions,3.5,3,5,Arvind Thomas,Vinay LS,"SIX, to Straight long-off","Arvind Thomas to Vinay LS, SIX, to Straight long-off",6,6,0,,1,SIX,0,,1
2026_04_23_the_fibrillators_vs_minions__111,2026_04_23_the_fibrillators_vs_minions,The Fibrillators vs Minions,2026-04-23,The Fibrillators vs Minions (2026-04-23),The Fibrillators,Minions,Minions_Ball-by-Ball Commentary & Live Score_ The Fibrillators vs Minions _ 2026-04-23 _ CricHeroes.pdf,Ball-by-Ball Commentary & Live Score_ The Fibrillators vs Minions _ 2026-04-23 _ CricHeroes.csv,Minions,29,2,Minions,4.0,4,0,Arvind Thomas,Vinay LS,1 run,"Arvind Thomas to Vinay LS, 1 run",1,1,0,,0,,0,,1
2026_04_23_the_fibrillators_vs_minions__112,2026_04_23_the_fibrillators_vs_minions,The Fibrillators vs Minions,2026-04-23,The Fibrillators vs Minions (2026-04-23),The Fibrillators,Minions,Minions_Ball-by-Ball Commentary & Live Score_ The Fibrillators vs Minions _ 2026-04-23 _ CricHeroes.pdf,Ball-by-Ball Commentary & Live Score_ The Fibrillators vs Minions _ 2026-04-23 _ CricHeroes.csv,Minions,30,2,Minions,4.1,4,1,Harsha LS,Vinay LS,no run,"Harsha LS to Vinay LS, no run",0,0,0,,0,,0,,1
2026_04_23_the_fibrillators_vs_minions__113,2026_04_23_the_fibrillators_vs_minions,The Fibrillators vs Minions,2026-04-23,The Fibrillators vs Minions (2026-04-23),The Fibrillators,Minions,Minions_Ball-by-Ball Commentary & Live Score_ The Fibrillators vs Minions _ 2026-04-23 _ CricHeroes.pdf,Ball-by-Ball Commentary & Live Score_ The Fibrillators vs Minions _ 2026-04-23 _ CricHeroes.csv,Minions,31,2,Minions,4.2,4,2,Harsha LS,Vinay LS,2 runs,"Harsha LS to Vinay LS, 2 runs",2,2,0,,0,,0,,1
2026_04_23_the_fibrillators_vs_minions__114,2026_04_23_the_fibrillators_vs_minions,The Fibrillators vs Minions,2026-04-23,The Fibrillators vs Minions (2026-04-23),The Fibrillators,Minions,Minions_Ball-by-Ball Commentary & Live Score_ The Fibrillators vs Minions _ 2026-04-23 _ CricHeroes.pdf,Ball-by-Ball Commentary & Live Score_ The Fibrillators vs Minions _ 2026-04-23 _ CricHeroes.csv,Minions,32,2,Minions,4.3,4,3,Harsha LS,Vinay LS,1 run,"Harsha LS to Vinay LS, 1 run",1,1,0,,0,,0,,1
2026_04_23_the_fibrillators_vs_minions__115,2026_04_23_the_fibrillators_vs_minions,The Fibrillators vs Minions,2026-04-23,The Fibrillators vs Minions (2026-04-23),The Fibrillators,Minions,Minions_Ball-by-Ball Commentary & Live Score_ The Fibrillators vs Minions _ 2026-04-23 _ CricHeroes.pdf,Ball-by-Ball Commentary & Live Score_ The Fibrillators vs Minions _ 2026-04-23 _ CricHeroes.csv,Minions,33,2,Minions,4.4,4,4,Harsha LS,Sayooj Kalapurakkal,1 run,"Harsha LS to Sayooj Kalapurakkal, 1 run",1,1,0,,0,,0,,1
2026_04_23_the_fibrillators_vs_minions__116,2026_04_23_the_fibrillators_vs_minions,The Fibrillators vs Minions,2026-04-23,The Fibrillators vs Minions (2026-04-23),The Fibrillators,Minions,Minions_Ball-by-Ball Commentary & Live Score_ The Fibrillators vs Minions _ 2026-04-23 _ CricHeroes.pdf,Ball-by-Ball Commentary & Live Score_ The Fibrillators vs Minions _ 2026-04-23 _ CricHeroes.csv,Minions,34,2,Minions,4.5,4,5,Harsha LS,Vinay LS,1 run,"Harsha LS to Vinay LS, 1 run",1,1,0,,0,,0,,1
2026_04_23_the_fibrillators_vs_minions__117,2026_04_23_the_fibrillators_vs_minions,The Fibrillators vs Minions,2026-04-23,The Fibrillators vs Minions (2026-04-23),The Fibrillators,Minions,Minions_Ball-by-Ball Commentary & Live Score_ The Fibrillators vs Minions _ 2026-04-23 _ CricHeroes.pdf,Ball-by-Ball Commentary & Live Score_ The Fibrillators vs Minions _ 2026-04-23 _ CricHeroes.csv,Minions,35,2,Minions,5.0,5,0,Harsha LS,Sayooj Kalapurakkal,no run,"Harsha LS to Sayooj Kalapurakkal, no run",0,0,0,,0,,0,,1
2026_04_23_the_fibrillators_vs_minions__118,2026_04_23_the_fibrillators_vs_minions,The Fibrillators vs Minions,2026-04-23,The Fibrillators vs Minions (2026-04-23),The Fibrillators,Minions,Minions_Ball-by-Ball Commentary & Live Score_ The Fibrillators vs Minions _ 2026-04-23 _ CricHeroes.pdf,Ball-by-Ball Commentary & Live Score_ The Fibrillators vs Minions _ 2026-04-23 _ CricHeroes.csv,Minions,36,2,Minions,5.1,5,1,Sebastian,Vinay LS,wide,"Sebastian to Vinay LS, wide",1,0,1,wide,0,,0,,0
2026_04_23_the_fibrillators_vs_minions__119,2026_04_23_the_fibrillators_vs_minions,The Fibrillators vs Minions,2026-04-23,The Fibrillators vs Minions (2026-04-23),The Fibrillators,Minions,Minions_Ball-by-Ball Commentary & Live Score_ The Fibrillators vs Minions _ 2026-04-23 _ CricHeroes.pdf,Ball-by-Ball Commentary & Live Score_ The Fibrillators vs Minions _ 2026-04-23 _ CricHeroes.csv,Minions,37,2,Minions,5.1,5,1,Sebastian,Vinay LS,1 run,"Sebastian to Vinay LS, 1 run",1,1,0,,0,,0,,1
2026_04_23_the_fibrillators_vs_minions__120,2026_04_23_the_fibrillators_vs_minions,The Fibrillators vs Minions,2026-04-23,The Fibrillators vs Minions (2026-04-23),The Fibrillators,Minions,Minions_Ball-by-Ball Commentary & Live Score_ The Fibrillators vs Minions _ 2026-04-23 _ CricHeroes.pdf,Ball-by-Ball Commentary & Live Score_ The Fibrillators vs Minions _ 2026-04-23 _ CricHeroes.csv,Minions,38,2,Minions,5.2,5,2,Sebastian,Sayooj Kalapurakkal,no run,"Sebastian to Sayooj Kalapurakkal, no run",0,0,0,,0,,0,,1
2026_04_23_the_fibrillators_vs_minions__121,2026_04_23_the_fibrillators_vs_minions,The Fibrillators vs Minions,2026-04-23,The Fibrillators vs Minions (2026-04-23),The Fibrillators,Minions,Minions_Ball-by-Ball Commentary & Live Score_ The Fibrillators vs Minions _ 2026-04-23 _ CricHeroes.pdf,Ball-by-Ball Commentary & Live Score_ The Fibrillators vs Minions _ 2026-04-23 _ CricHeroes.csv,Minions,39,2,Minions,5.3,5,3,Sebastian,Sayooj Kalapurakkal,1 run,"Sebastian to Sayooj Kalapurakkal, 1 run",1,1,0,,0,,0,,1
2026_04_23_the_fibrillators_vs_minions__122,2026_04_23_the_fibrillators_vs_minions,The Fibrillators vs Minions,2026-04-23,The Fibrillators vs Minions (2026-04-23),The Fibrillators,Minions,Minions_Ball-by-Ball Commentary & Live Score_ The Fibrillators vs Minions _ 2026-04-23 _ CricHeroes.pdf,Ball-by-Ball Commentary & Live Score_ The Fibrillators vs Minions _ 2026-04-23 _ CricHeroes.csv,Minions,40,2,Minions,5.4,5,4,Sebastian,Vinay LS,2 runs,"Sebastian to Vinay LS, 2 runs",2,2,0,,0,,0,,1
2026_04_23_the_fibrillators_vs_minions__123,2026_04_23_the_fibrillators_vs_minions,The Fibrillators vs Minions,2026-04-23,The Fibrillators vs Minions (2026-04-23),The Fibrillators,Minions,Minions_Ball-by-Ball Commentary & Live Score_ The Fibrillators vs Minions _ 2026-04-23 _ CricHeroes.pdf,Ball-by-Ball Commentary & Live Score_ The Fibrillators vs Minions _ 2026-04-23 _ CricHeroes.csv,Minions,41,2,Minions,5.5,5,5,Sebastian,Vinay LS,2 runs,"Sebastian to Vinay LS, 2 runs",2,2,0,,0,,0,,1
2026_04_23_the_fibrillators_vs_minions__124,2026_04_23_the_fibrillators_vs_minions,The Fibrillators vs Minions,2026-04-23,The Fibrillators vs Minions (2026-04-23),The Fibrillators,Minions,Minions_Ball-by-Ball Commentary & Live Score_ The Fibrillators vs Minions _ 2026-04-23 _ CricHeroes.pdf,Ball-by-Ball Commentary & Live Score_ The Fibrillators vs Minions _ 2026-04-23 _ CricHeroes.csv,Minions,42,2,Minions,6.0,6,0,Sebastian,Vinay LS,(no ball),"Sebastian to Vinay LS, (no ball)",1,0,1,no_ball,0,,0,,0
2026_04_23_the_fibrillators_vs_minions__125,2026_04_23_the_fibrillators_vs_minions,The Fibrillators vs Minions,2026-04-23,The Fibrillators vs Minions (2026-04-23),The Fibrillators,Minions,Minions_Ball-by-Ball Commentary & Live Score_ The Fibrillators vs Minions _ 2026-04-23 _ CricHeroes.pdf,Ball-by-Ball Commentary & Live Score_ The Fibrillators vs Minions _ 2026-04-23 _ CricHeroes.csv,Minions,43,2,Minions,6.0,6,0,Sebastian,Vinay LS,2 runs,"Sebastian to Vinay LS, 2 runs",2,2,0,,0,,0,,1
2026_04_23_the_fibrillators_vs_minions__126,2026_04_23_the_fibrillators_vs_minions,The Fibrillators vs Minions,2026-04-23,The Fibrillators vs Minions (2026-04-23),The Fibrillators,Minions,Minions_Ball-by-Ball Commentary & Live Score_ The Fibrillators vs Minions _ 2026-04-23 _ CricHeroes.pdf,Ball-by-Ball Commentary & Live Score_ The Fibrillators vs Minions _ 2026-04-23 _ CricHeroes.csv,Minions,44,2,Minions,6.1,6,1,Harsha LS,Sayooj Kalapurakkal,no run,"Harsha LS to Sayooj Kalapurakkal, no run",0,0,0,,0,,0,,1
2026_04_23_the_fibrillators_vs_minions__127,2026_04_23_the_fibrillators_vs_minions,The Fibrillators vs Minions,2026-04-23,The Fibrillators vs Minions (2026-04-23),The Fibrillators,Minions,Minions_Ball-by-Ball Commentary & Live Score_ The Fibrillators vs Minions _ 2026-04-23 _ CricHeroes.pdf,Ball-by-Ball Commentary & Live Score_ The Fibrillators vs Minions _ 2026-04-23 _ CricHeroes.csv,Minions,45,2,Minions,6.2,6,2,Harsha LS,Sayooj Kalapurakkal,1 run,"Harsha LS to Sayooj Kalapurakkal, 1 run",1,1,0,,0,,0,,1
2026_04_23_the_fibrillators_vs_minions__128,2026_04_23_the_fibrillators_vs_minions,The Fibrillators vs Minions,2026-04-23,The Fibrillators vs Minions (2026-04-23),The Fibrillators,Minions,Minions_Ball-by-Ball Commentary & Live Score_ The Fibrillators vs Minions _ 2026-04-23 _ CricHeroes.pdf,Ball-by-Ball Commentary & Live Score_ The Fibrillators vs Minions _ 2026-04-23 _ CricHeroes.csv,Minions,46,2,Minions,6.3,6,3,Harsha LS,Vinay LS,(no ball),"Harsha LS to Vinay LS, (no ball)",1,0,1,no_ball,0,,0,,0
2026_04_23_the_fibrillators_vs_minions__129,2026_04_23_the_fibrillators_vs_minions,The Fibrillators vs Minions,2026-04-23,The Fibrillators vs Minions (2026-04-23),The Fibrillators,Minions,Minions_Ball-by-Ball Commentary & Live Score_ The Fibrillators vs Minions _ 2026-04-23 _ CricHeroes.pdf,Ball-by-Ball Commentary & Live Score_ The Fibrillators vs Minions _ 2026-04-23 _ CricHeroes.csv,Minions,47,2,Minions,6.3,6,3,Harsha LS,Vinay LS,2 runs,"Harsha LS to Vinay LS, 2 runs",2,2,0,,0,,0,,1
2026_04_23_the_fibrillators_vs_minions__130,2026_04_23_the_fibrillators_vs_minions,The Fibrillators vs Minions,2026-04-23,The Fibrillators vs Minions (2026-04-23),The Fibrillators,Minions,Minions_Ball-by-Ball Commentary & Live Score_ The Fibrillators vs Minions _ 2026-04-23 _ CricHeroes.pdf,Ball-by-Ball Commentary & Live Score_ The Fibrillators vs Minions _ 2026-04-23 _ CricHeroes.csv,Minions,48,2,Minions,6.4,6,4,Harsha LS,Vinay LS,1 run,"Harsha LS to Vinay LS, 1 run",1,1,0,,0,,0,,1
2026_04_23_the_fibrillators_vs_minions__131,2026_04_23_the_fibrillators_vs_minions,The Fibrillators vs Minions,2026-04-23,The Fibrillators vs Minions (2026-04-23),The Fibrillators,Minions,Minions_Ball-by-Ball Commentary & Live Score_ The Fibrillators vs Minions _ 2026-04-23 _ CricHeroes.pdf,Ball-by-Ball Commentary & Live Score_ The Fibrillators vs Minions _ 2026-04-23 _ CricHeroes.csv,Minions,49,2,Minions,6.5,6,5,Harsha LS,Sayooj Kalapurakkal,no run,"Harsha LS to Sayooj Kalapurakkal, no run",0,0,0,,0,,0,,1
2026_04_23_the_fibrillators_vs_minions__132,2026_04_23_the_fibrillators_vs_minions,The Fibrillators vs Minions,2026-04-23,The Fibrillators vs Minions (2026-04-23),The Fibrillators,Minions,Minions_Ball-by-Ball Commentary & Live Score_ The Fibrillators vs Minions _ 2026-04-23 _ CricHeroes.pdf,Ball-by-Ball Commentary & Live Score_ The Fibrillators vs Minions _ 2026-04-23 _ CricHeroes.csv,Minions,50,2,Minions,7.0,7,0,Harsha LS,Sayooj Kalapurakkal,2 runs,"Harsha LS to Sayooj Kalapurakkal, 2 runs",2,2,0,,0,,0,,1
2026_04_23_the_fibrillators_vs_minions__133,2026_04_23_the_fibrillators_vs_minions,The Fibrillators vs Minions,2026-04-23,The Fibrillators vs Minions (2026-04-23),The Fibrillators,Minions,Minions_Ball-by-Ball Commentary & Live Score_ The Fibrillators vs Minions _ 2026-04-23 _ CricHeroes.pdf,Ball-by-Ball Commentary & Live Score_ The Fibrillators vs Minions _ 2026-04-23 _ CricHeroes.csv,Minions,51,2,Minions,7.1,7,1,Arvind Thomas,Vinay LS,1 run,"Arvind Thomas to Vinay LS, 1 run",1,1,0,,0,,0,,1
2026_04_23_the_fibrillators_vs_minions__134,2026_04_23_the_fibrillators_vs_minions,The Fibrillators vs Minions,2026-04-23,The Fibrillators vs Minions (2026-04-23),The Fibrillators,Minions,Minions_Ball-by-Ball Commentary & Live Score_ The Fibrillators vs Minions _ 2026-04-23 _ CricHeroes.pdf,Ball-by-Ball Commentary & Live Score_ The Fibrillators vs Minions _ 2026-04-23 _ CricHeroes.csv,Minions,52,2,Minions,7.2,7,2,Arvind Thomas,Sayooj Kalapurakkal,2 runs,"Arvind Thomas to Sayooj Kalapurakkal, 2 runs",2,2,0,,0,,0,,1
2026_04_23_the_fibrillators_vs_minions__135,2026_04_23_the_fibrillators_vs_minions,The Fibrillators vs Minions,2026-04-23,The Fibrillators vs Minions (2026-04-23),The Fibrillators,Minions,Minions_Ball-by-Ball Commentary & Live Score_ The Fibrillators vs Minions _ 2026-04-23 _ CricHeroes.pdf,Ball-by-Ball Commentary & Live Score_ The Fibrillators vs Minions _ 2026-04-23 _ CricHeroes.csv,Minions,53,2,Minions,7.3,7,3,Arvind Thomas,Sayooj Kalapurakkal,"bye, 4 runs","Arvind Thomas to Sayooj Kalapurakkal, bye, 4 runs",4,0,4,bye,0,,0,,1
2026_04_23_the_fibrillators_vs_minions__136,2026_04_23_the_fibrillators_vs_minions,The Fibrillators vs Minions,2026-04-23,The Fibrillators vs Minions (2026-04-23),The Fibrillators,Minions,Minions_Ball-by-Ball Commentary & Live Score_ The Fibrillators vs Minions _ 2026-04-23 _ CricHeroes.pdf,Ball-by-Ball Commentary & Live Score_ The Fibrillators vs Minions _ 2026-04-23 _ CricHeroes.csv,Minions,54,2,Minions,7.4,7,4,Arvind Thomas,Sayooj Kalapurakkal,no run,"Arvind Thomas to Sayooj Kalapurakkal, no run",0,0,0,,0,,0,,1
2026_04_23_the_fibrillators_vs_minions__137,2026_04_23_the_fibrillators_vs_minions,The Fibrillators vs Minions,2026-04-23,The Fibrillators vs Minions (2026-04-23),The Fibrillators,Minions,Minions_Ball-by-Ball Commentary & Live Score_ The Fibrillators vs Minions _ 2026-04-23 _ CricHeroes.pdf,Ball-by-Ball Commentary & Live Score_ The Fibrillators vs Minions _ 2026-04-23 _ CricHeroes.csv,Minions,55,2,Minions,7.5,7,5,Arvind Thomas,Sayooj Kalapurakkal,2 runs,"Arvind Thomas to Sayooj Kalapurakkal, 2 runs",2,2,0,,0,,0,,1
2026_04_23_the_fibrillators_vs_minions__138,2026_04_23_the_fibrillators_vs_minions,The Fibrillators vs Minions,2026-04-23,The Fibrillators vs Minions (2026-04-23),The Fibrillators,Minions,Minions_Ball-by-Ball Commentary & Live Score_ The Fibrillators vs Minions _ 2026-04-23 _ CricHeroes.pdf,Ball-by-Ball Commentary & Live Score_ The Fibrillators vs Minions _ 2026-04-23 _ CricHeroes.csv,Minions,56,2,Minions,8.0,8,0,Arvind Thomas,Sayooj Kalapurakkal,"OUT Run out, Throw from","Arvind Thomas to Sayooj Kalapurakkal, OUT Run out, Throw from Short third man by Harsha LS Sayooj Kalapurakkal run out Harsha LS / Arvind Thomas (15r 22b 0x4s 0x6s SR: 68.18)",,,,,0,,1,run_out,1
2026_04_23_the_fibrillators_vs_minions__139,2026_04_23_the_fibrillators_vs_minions,The Fibrillators vs Minions,2026-04-23,The Fibrillators vs Minions (2026-04-23),The Fibrillators,Minions,Minions_Ball-by-Ball Commentary & Live Score_ The Fibrillators vs Minions _ 2026-04-23 _ CricHeroes.pdf,Ball-by-Ball Commentary & Live Score_ The Fibrillators vs Minions _ 2026-04-23 _ CricHeroes.csv,Minions,57,2,Minions,8.1,8,1,Suresh,Salman faris,no run,"Suresh to Salman faris, no run",0,0,0,,0,,0,,1
2026_04_23_the_fibrillators_vs_minions__140,2026_04_23_the_fibrillators_vs_minions,The Fibrillators vs Minions,2026-04-23,The Fibrillators vs Minions (2026-04-23),The Fibrillators,Minions,Minions_Ball-by-Ball Commentary & Live Score_ The Fibrillators vs Minions _ 2026-04-23 _ CricHeroes.pdf,Ball-by-Ball Commentary & Live Score_ The Fibrillators vs Minions _ 2026-04-23 _ CricHeroes.csv,Minions,58,2,Minions,8.2,8,2,Suresh,Salman faris,no run,"Suresh to Salman faris, no run",0,0,0,,0,,0,,1
2026_04_23_the_fibrillators_vs_minions__141,2026_04_23_the_fibrillators_vs_minions,The Fibrillators vs Minions,2026-04-23,The Fibrillators vs Minions (2026-04-23),The Fibrillators,Minions,Minions_Ball-by-Ball Commentary & Live Score_ The Fibrillators vs Minions _ 2026-04-23 _ CricHeroes.pdf,Ball-by-Ball Commentary & Live Score_ The Fibrillators vs Minions _ 2026-04-23 _ CricHeroes.csv,Minions,59,2,Minions,8.3,8,3,Suresh,Salman faris,no run,"Suresh to Salman faris, no run",0,0,0,,0,,0,,1
2026_04_23_the_fibrillators_vs_minions__142,2026_04_23_the_fibrillators_vs_minions,The Fibrillators vs Minions,2026-04-23,The Fibrillators vs Minions (2026-04-23),The Fibrillators,Minions,Minions_Ball-by-Ball Commentary & Live Score_ The Fibrillators vs Minions _ 2026-04-23 _ CricHeroes.pdf,Ball-by-Ball Commentary & Live Score_ The Fibrillators vs Minions _ 2026-04-23 _ CricHeroes.csv,Minions,60,2,Minions,8.4,8,4,Suresh,Salman faris,1 run,"Suresh to Salman faris, 1 run",1,1,0,,0,,0,,1
2026_04_23_the_fibrillators_vs_minions__143,2026_04_23_the_fibrillators_vs_minions,The Fibrillators vs Minions,2026-04-23,The Fibrillators vs Minions (2026-04-23),The Fibrillators,Minions,Minions_Ball-by-Ball Commentary & Live Score_ The Fibrillators vs Minions _ 2026-04-23 _ CricHeroes.pdf,Ball-by-Ball Commentary & Live Score_ The Fibrillators vs Minions _ 2026-04-23 _ CricHeroes.csv,Minions,61,2,Minions,8.5,8,5,Suresh,Vinay LS,"1 run, # Dropped by Jayaraman Srinivasan, # 1 Run","Suresh to Vinay LS, 1 run, # Dropped by Jayaraman Srinivasan, # 1 Run missed by Jayaraman Srinivasan",1,1,0,,0,,0,,1
2026_04_23_the_fibrillators_vs_minions__144,2026_04_23_the_fibrillators_vs_minions,The Fibrillators vs Minions,2026-04-23,The Fibrillators vs Minions (2026-04-23),The Fibrillators,Minions,Minions_Ball-by-Ball Commentary & Live Score_ The Fibrillators vs Minions _ 2026-04-23 _ CricHeroes.pdf,Ball-by-Ball Commentary & Live Score_ The Fibrillators vs Minions _ 2026-04-23 _ CricHeroes.csv,Minions,62,2,Minions,9.0,9,0,Suresh,Salman faris,1 run,"Suresh to Salman faris, 1 run",1,1,0,,0,,0,,1
2026_04_23_the_fibrillators_vs_minions__145,2026_04_23_the_fibrillators_vs_minions,The Fibrillators vs Minions,2026-04-23,The Fibrillators vs Minions (2026-04-23),The Fibrillators,Minions,Minions_Ball-by-Ball Commentary & Live Score_ The Fibrillators vs Minions _ 2026-04-23 _ CricHeroes.pdf,Ball-by-Ball Commentary & Live Score_ The Fibrillators vs Minions _ 2026-04-23 _ CricHeroes.csv,Minions,63,2,Minions,9.1,9,1,Arvind Thomas,Salman faris,1 run,"Arvind Thomas to Salman faris, 1 run",1,1,0,,0,,0,,1
2026_04_23_the_fibrillators_vs_minions__146,2026_04_23_the_fibrillators_vs_minions,The Fibrillators vs Minions,2026-04-23,The Fibrillators vs Minions (2026-04-23),The Fibrillators,Minions,Minions_Ball-by-Ball Commentary & Live Score_ The Fibrillators vs Minions _ 2026-04-23 _ CricHeroes.pdf,Ball-by-Ball Commentary & Live Score_ The Fibrillators vs Minions _ 2026-04-23 _ CricHeroes.csv,Minions,64,2,Minions,9.2,9,2,Arvind Thomas,Vinay LS,wide,"Arvind Thomas to Vinay LS, wide",1,0,1,wide,0,,0,,0
2026_04_23_the_fibrillators_vs_minions__147,2026_04_23_the_fibrillators_vs_minions,The Fibrillators vs Minions,2026-04-23,The Fibrillators vs Minions (2026-04-23),The Fibrillators,Minions,Minions_Ball-by-Ball Commentary & Live Score_ The Fibrillators vs Minions _ 2026-04-23 _ CricHeroes.pdf,Ball-by-Ball Commentary & Live Score_ The Fibrillators vs Minions _ 2026-04-23 _ CricHeroes.csv,Minions,65,2,Minions,9.2,9,2,Arvind Thomas,Vinay LS,2 runs,"Arvind Thomas to Vinay LS, 2 runs",2,2,0,,0,,0,,1
